"","V1","V2","V3","V4","V5","V6","V7","V8","V9","V10","V11","V12","V13","V14","V15","V16","V17","Site"
"1","257","264","271","278","285","292","298",NA,NA,NA,NA,NA,NA,NA,NA,NA,NA,"AZ_Desert_LP9_dep1_2022"
"2","249","256","263","270","277","282",NA,NA,NA,NA,NA,NA,NA,NA,NA,NA,NA,"AZ_Desert_McDowell_Sonoran_Preserve_7B_2019"
"3","242","249","256","263","270","277","284","291",NA,NA,NA,NA,NA,NA,NA,NA,NA,"AZ_Desert_McDowell_Sonoran_Preserve_8_2019"
"4","221","228","235","242","249","256","263","270","277","284","291","298","305","312","319","326","333","AZ_Desert_Sonoran_22_CONFORTI 08/06/2022_2022"
"5","250","257","264","271","278","285","292","299","306","313","318",NA,NA,NA,NA,NA,NA,"AZ_Desert_Sonoran_22_OWL_2022"
"6","285","292","299","306","313","320",NA,NA,NA,NA,NA,NA,NA,NA,NA,NA,NA,"AZ_Desert_Sonoran_22_RINGTAIL 10/09/2022_2022"
"7","217","224","231","238","245","252","259","266","273","279",NA,NA,NA,NA,NA,NA,NA,"AZ_Desert_Sonoran_22_TOAD_2022"
"8","217","224","231","236",NA,NA,NA,NA,NA,NA,NA,NA,NA,NA,NA,NA,NA,"AZ_Desert_Sonoran_22_VIEW_2022"
"9","262","269","276","283","290","297","302",NA,NA,NA,NA,NA,NA,NA,NA,NA,NA,"AZ_Desert_Sonoran_23_LION_10-29-2023_2023"
"10","236","243","250","257","264","271","278","285","292","299","304",NA,NA,NA,NA,NA,NA,"AZ_Desert_Sonoran_23_OWL_10-31-2023_2023"
"11","238","245","252","259","266","273","280","287","294","301","308",NA,NA,NA,NA,NA,NA,"AZ_Desert_TV5_dep1_2022"
"12","245","252","259","266","273","280","287","294","301","308","315","320",NA,NA,NA,NA,NA,"AZ_Desert_UT3_2022"
"13","217","224","231","238","245","252",NA,NA,NA,NA,NA,NA,NA,NA,NA,NA,NA,"AZ_Forest_1002_20220718_2022"
"14","216","223","230","237","244","251","256",NA,NA,NA,NA,NA,NA,NA,NA,NA,NA,"AZ_Forest_1003_20220718_2022"
"15","216","223","230","237","244","251","256",NA,NA,NA,NA,NA,NA,NA,NA,NA,NA,"AZ_Forest_1004_20220718_2022"
"16","216","223","230","237","244","251","256",NA,NA,NA,NA,NA,NA,NA,NA,NA,NA,"AZ_Forest_1005_20220718_2022"
"17","217","224","231","238","245","252",NA,NA,NA,NA,NA,NA,NA,NA,NA,NA,NA,"AZ_Forest_1006_20220718_2022"
"18","216","223","230","237","244","251",NA,NA,NA,NA,NA,NA,NA,NA,NA,NA,NA,"AZ_Forest_1007_20220718_2022"
"19","223","230","237","244","251","256",NA,NA,NA,NA,NA,NA,NA,NA,NA,NA,NA,"AZ_Forest_1008_20220718_2022"
"20","216","223","230","237","244","251","258","265",NA,NA,NA,NA,NA,NA,NA,NA,NA,"AZ_Forest_1101_20220722_2022"
"21","272","279","286","293","300","307","314","320",NA,NA,NA,NA,NA,NA,NA,NA,NA,"AZ_Forest_1101_20220926_2022"
"22","223","230","237","244","251",NA,NA,NA,NA,NA,NA,NA,NA,NA,NA,NA,NA,"AZ_Forest_1102_20220722_2022"
"23","273","280","287","294","301","308","315","320",NA,NA,NA,NA,NA,NA,NA,NA,NA,"AZ_Forest_1102_20220926_2022"
"24","221","228","235","242","249","256","263","268",NA,NA,NA,NA,NA,NA,NA,NA,NA,"AZ_Forest_1103_20220722_2022"
"25","272","279","286","293","300","307","314","320",NA,NA,NA,NA,NA,NA,NA,NA,NA,"AZ_Forest_1103_20220926_2022"
"26","217","224","231","238","245","252","259","265",NA,NA,NA,NA,NA,NA,NA,NA,NA,"AZ_Forest_1104_20220722_2022"
"27","272","279","286","293","300","307","314",NA,NA,NA,NA,NA,NA,NA,NA,NA,NA,"AZ_Forest_1104_20220926_2022"
"28","272","279","286","293","300","307","314","319",NA,NA,NA,NA,NA,NA,NA,NA,NA,"AZ_Forest_1105_20220926_2022"
"29","275","282","289","296","303","310","316",NA,NA,NA,NA,NA,NA,NA,NA,NA,NA,"AZ_Forest_1106_20220926_2022"
"30","276","283","290","297","304","311","316",NA,NA,NA,NA,NA,NA,NA,NA,NA,NA,"AZ_Forest_1107_20220926_2022"
"31","272","279","286","293","300","307","314","319",NA,NA,NA,NA,NA,NA,NA,NA,NA,"AZ_Forest_1108_20220926_2022"
"32","260","267","274","281","288","295","302","308",NA,NA,NA,NA,NA,NA,NA,NA,NA,"AZ_Forest_Harrity_1001_20220913_2022"
"33","264","271","278","285","292","299","306",NA,NA,NA,NA,NA,NA,NA,NA,NA,NA,"AZ_Forest_Harrity_1002_20220913_2022"
"34","260","267","274","281","288","295","302","308",NA,NA,NA,NA,NA,NA,NA,NA,NA,"AZ_Forest_Harrity_1003_20220913_2022"
"35","260","267","274","281","288","295","302","308",NA,NA,NA,NA,NA,NA,NA,NA,NA,"AZ_Forest_Harrity_1004_20220913_2022"
"36","260","267","274","281","288","295","302","308",NA,NA,NA,NA,NA,NA,NA,NA,NA,"AZ_Forest_Harrity_1005_20220913_2022"
"37","262","269","276","283","290","297","304","310",NA,NA,NA,NA,NA,NA,NA,NA,NA,"AZ_Forest_Harrity_1006_20220913_2022"
"38","260","267","274","281","288","295","302","308",NA,NA,NA,NA,NA,NA,NA,NA,NA,"AZ_Forest_Harrity_1007_20220913_2022"
"39","260","267","274","281","288","295","302","308",NA,NA,NA,NA,NA,NA,NA,NA,NA,"AZ_Forest_Harrity_1008_20220913_2022"
"40","262","269","276","283","290","297","304","311",NA,NA,NA,NA,NA,NA,NA,NA,NA,"AZ_Forest_Rural_SRER2_2023_14_2023"
"41","216","223","230","237","244","251",NA,NA,NA,NA,NA,NA,NA,NA,NA,NA,NA,"AZ_Forest_Wild_Harrity_23_100320230717_2023"
"42","259","266","273","280","287","294","301","308","315","322","329","334",NA,NA,NA,NA,NA,"AZ_Forest_Wild_Harrity_23_100320230912_2023"
"43","216","223","230","237","244","251",NA,NA,NA,NA,NA,NA,NA,NA,NA,NA,NA,"AZ_Forest_Wild_Harrity_23_100420230717_2023"
"44","259","266","273","280","287","294","301","308","315","322","329","334",NA,NA,NA,NA,NA,"AZ_Forest_Wild_Harrity_23_100420230912_2023"
"45","216","223","230","237","244",NA,NA,NA,NA,NA,NA,NA,NA,NA,NA,NA,NA,"AZ_Forest_Wild_Harrity_23_100520230717_2023"
"46","258","265","272","279","286","293","300","307","314",NA,NA,NA,NA,NA,NA,NA,NA,"AZ_Forest_Wild_Harrity_23_100520230912_2023"
"47","220","227","234","241","248","253",NA,NA,NA,NA,NA,NA,NA,NA,NA,NA,NA,"AZ_Forest_Wild_Harrity_23_100620230717_2023"
"48","259","266","273","280","287","294","301","307",NA,NA,NA,NA,NA,NA,NA,NA,NA,"AZ_Forest_Wild_Harrity_23_100620230912_2023"
"49","216","223","230","237","244","250",NA,NA,NA,NA,NA,NA,NA,NA,NA,NA,NA,"AZ_Forest_Wild_Harrity_23_100720230717_2023"
"50","261","268","275","282","289","296","303","310","317","324","331",NA,NA,NA,NA,NA,NA,"AZ_Forest_Wild_Harrity_23_100720230912_2023"
"51","216","223","230","237","244","251",NA,NA,NA,NA,NA,NA,NA,NA,NA,NA,NA,"AZ_Forest_Wild_Harrity_23_100820230717_2023"
"52","259","266","273","280","287","294","301","308","315","322","328",NA,NA,NA,NA,NA,NA,"AZ_Forest_Wild_Harrity_23_100820230912_2023"
"53","246","253","260","267","274","281","286",NA,NA,NA,NA,NA,NA,NA,NA,NA,NA,"AZ_Forest_Wild_Harrity_23_110120230831_2023"
"54","246","253","260","267","274","281","286",NA,NA,NA,NA,NA,NA,NA,NA,NA,NA,"AZ_Forest_Wild_Harrity_23_110420230831_2023"
"55","247","254","261","268","275","282",NA,NA,NA,NA,NA,NA,NA,NA,NA,NA,NA,"AZ_Forest_Wild_Harrity_23_110520230831_2023"
"56","247","254","261","268","275",NA,NA,NA,NA,NA,NA,NA,NA,NA,NA,NA,NA,"AZ_Forest_Wild_Harrity_23_110620230831_2023"
"57","247","254","261","268","275","280",NA,NA,NA,NA,NA,NA,NA,NA,NA,NA,NA,"AZ_Forest_Wild_Harrity_23_110720230831_2023"
"58","246","253","260","267","274","281","286",NA,NA,NA,NA,NA,NA,NA,NA,NA,NA,"AZ_Forest_Wild_Harrity_23_110820230831_2023"
"59","254","261","268","275","282","289","296","303","310","317","322",NA,NA,NA,NA,NA,NA,"AZ_Grassland_Cienega_22_2019"
"60","232","239","246","253",NA,NA,NA,NA,NA,NA,NA,NA,NA,NA,NA,NA,NA,"AZ_Grassland_Cienega_25_2019"
"61","254","261","268","275","282","289","296","303","310","317","322",NA,NA,NA,NA,NA,NA,"AZ_Grassland_Cienega_29_2019"
"62","262","269","276","283","290","297","304","311",NA,NA,NA,NA,NA,NA,NA,NA,NA,"AZ_Grassland_Rural_SRER1_2023_6_2023"
"63","262","269","276","283","290","297","304","311",NA,NA,NA,NA,NA,NA,NA,NA,NA,"AZ_Grassland_Rural_SRER1_2023_7_2023"
"64","239","246","253","260","267","274","281","286",NA,NA,NA,NA,NA,NA,NA,NA,NA,"AZ_Grassland_Vermilion_Cliffs_11_2019"
"65","241","248","255","262","269","276","282",NA,NA,NA,NA,NA,NA,NA,NA,NA,NA,"AZ_Grassland_Vermilion_Cliffs_12_2019"
"66","238","245","252","259","266","273","280","286",NA,NA,NA,NA,NA,NA,NA,NA,NA,"AZ_Grassland_Vermilion_Cliffs_13_2019"
"67","238","245","252","259","266","273","280","285",NA,NA,NA,NA,NA,NA,NA,NA,NA,"AZ_Grassland_Vermilion_Cliffs_14_2019"
"68","238","245","252","259","266","273","280","285",NA,NA,NA,NA,NA,NA,NA,NA,NA,"AZ_Grassland_Vermilion_Cliffs_7_2019"
"69","238","245","252","259","266","273","280","285",NA,NA,NA,NA,NA,NA,NA,NA,NA,"AZ_Grassland_Vermilion_Cliffs_8_2019"
"70","247","254","261","268","275","282","289","296","303","308",NA,NA,NA,NA,NA,NA,NA,"BAC.AROW_Rec003_Mem048.20190901_2019"
"71","246","253","260","267","274","281","288","295","302","309",NA,NA,NA,NA,NA,NA,NA,"BAC.AROW_Rec010_Mem098.20190831_2019"
"72","247","254","261","268","275","282","289","296","303","308",NA,NA,NA,NA,NA,NA,NA,"BAC.AROW_Rec018_Mem059.20190901_2019"
"73","245","252","259","266","273","280","287","294","301","308",NA,NA,NA,NA,NA,NA,NA,"BAC.AROW_Rec021_Mem072.20180830_2019"
"74","247","254","261","268","275","282","289","296","303","308",NA,NA,NA,NA,NA,NA,NA,"BAC.AROW_Rec024_Mem035.20190901_2019"
"75","247","254","261","268","275","282","289","296","303","308",NA,NA,NA,NA,NA,NA,NA,"BAC.AROW_Rec028_Mem009.20190901_2019"
"76","247","254","261","268","275","282","289","296","303","308",NA,NA,NA,NA,NA,NA,NA,"BAC.AROW_Rec033_Mem013.20190901_2019"
"77","247","254","261","268","275","282","289","296","303","308",NA,NA,NA,NA,NA,NA,NA,"BAC.AROW_Rec038_Mem079.20190901_2019"
"78","247","254","261","268","275","282","289","296","303","308",NA,NA,NA,NA,NA,NA,NA,"BAC.AROW_Rec041_Mem050.20190901_2019"
"79","247","254","261","268","275","282","289","296","303","308",NA,NA,NA,NA,NA,NA,NA,"BAC.AROW_Rec047_Mem058.20190901_2019"
"80","246","253","260","267","274","281","288","295","302","309",NA,NA,NA,NA,NA,NA,NA,"BAC.AROW_Rec051_Mem036.20190831_2019"
"81","247","254","261","268","275","282","289","296","303","308",NA,NA,NA,NA,NA,NA,NA,"BAC.AROW_Rec059_Mem083.20190901_2019"
"82","247","254","261","268","275","282","289","296","303","308",NA,NA,NA,NA,NA,NA,NA,"BAC.AROW_Rec061_Mem060.20190901_2019"
"83","234","241","248","255","262","269","276","283","290","296",NA,NA,NA,NA,NA,NA,NA,"BAC.BLCH_Rec004_Mem071.20190819_2019"
"84","234","241","248","255","262","269","276","283","290","296",NA,NA,NA,NA,NA,NA,NA,"BAC.BLCH_Rec006_Mem033.20190819_2019"
"85","234","241","248","255","262","269","276","283","290","296",NA,NA,NA,NA,NA,NA,NA,"BAC.BLCH_Rec025_Mem065.20190819_2019"
"86","234","241","248","255","262","269","276","283","290","296",NA,NA,NA,NA,NA,NA,NA,"BAC.BLCH_Rec039_Mem084.20190819_2019"
"87","234","241","248","255","262","269","276","283","290","296",NA,NA,NA,NA,NA,NA,NA,"BAC.BLCH_Rec042_Mem097.20190819_2019"
"88","234","241","248","255","262","269","276","283","290","296",NA,NA,NA,NA,NA,NA,NA,"BAC.BLCH_Rec044_Mem077.20190819_2019"
"89","234","241","248","255","262","269","276","283","290","296",NA,NA,NA,NA,NA,NA,NA,"BAC.BLCH_Rec045_Mem094.20190819_2019"
"90","234","241","248","255","262","269","276","283","290","296",NA,NA,NA,NA,NA,NA,NA,"BAC.BLCH_Rec046_Mem023.20190819_2019"
"91","234","241","248","255","262","269","276","283","290","296",NA,NA,NA,NA,NA,NA,NA,"BAC.BLCH_Rec050_Mem109.20190819_2019"
"92","234","241","248","255","262","269","276","283","290","296",NA,NA,NA,NA,NA,NA,NA,"BAC.BLCH_Rec057_Mem099.20190819_2019"
"93","234","241","248","255","262","269","276","283","290","296",NA,NA,NA,NA,NA,NA,NA,"BAC.BLCH_Rec060_Mem046.20190819_2019"
"94","234","241","248","255","262","269","276","283","290","296",NA,NA,NA,NA,NA,NA,NA,"BAC.BLCH_Rec063_Mem108.20190819_2019"
"95","234","241","248","255","262","269","276","283","290","296",NA,NA,NA,NA,NA,NA,NA,"BAC.BLCH_Rec064_Mem042.20190819_2019"
"96","246","253","260","267","274","281","288","295","302","309",NA,NA,NA,NA,NA,NA,NA,"BAC.HMSA_Rec012_Mem063.20190831_2019"
"97","246","253","260","267","274","281","288","295","302","307",NA,NA,NA,NA,NA,NA,NA,"BAC.HMSA_Rec020_Mem081.20190831_2019"
"98","246","253","260","267","274","281","288","295","302","309",NA,NA,NA,NA,NA,NA,NA,"BAC.HMSA_Rec023_Mem064.20190831_2019"
"99","246","253","260","267","274","281","288","295","302","309",NA,NA,NA,NA,NA,NA,NA,"BAC.HMSA_Rec027_Mem091.20190831_2019"
"100","246","253","260","267","274","281","288","295","302","307",NA,NA,NA,NA,NA,NA,NA,"BAC.HMSA_Rec030_Mem089.20190831_2019"
"101","246","253","260","267","274","281","288","295","302","307",NA,NA,NA,NA,NA,NA,NA,"BAC.HMSA_Rec032_Mem075.20190831_2019"
"102","246","253","260","267","274","281","288","295","302","307",NA,NA,NA,NA,NA,NA,NA,"BAC.HMSA_Rec036_Mem018.20190831_2019"
"103","246","253","260","267","274","281","288","295","302","307",NA,NA,NA,NA,NA,NA,NA,"BAC.HMSA_Rec040_Mem068.20190831_2019"
"104","233","240","247","254","261","268","275","282","289","296","303","310","316",NA,NA,NA,NA,"BAC.MSLA_Bro007_Mem209.20190730_2019"
"105","232","239","246","253","260","267","274","281","288","294",NA,NA,NA,NA,NA,NA,NA,"BAC.MSLA_Bro031_Mem207.20190730_2019"
"106","250","257","264","271","278","285","292","299","306","313","320",NA,NA,NA,NA,NA,NA,"BAC.MSLA_Bro072_Mem212.20190904_2019"
"107","238","245","252","259","266","273","280","287","294","301","308","315",NA,NA,NA,NA,NA,"BAC.MSLA_Bro074_Mem214.20190823_2019"
"108","250","257","264","271","278","285","292","299","306","313","320",NA,NA,NA,NA,NA,NA,"BAC.MSLA_Bro078_Mem194.20190904_2019"
"109","245","252","259","266","273","280","287","294","301","308",NA,NA,NA,NA,NA,NA,NA,"BAC.TRMR_Bro016_Mem116.20190830_2019"
"110","245","252","259","266","273","280","287","294","301","308",NA,NA,NA,NA,NA,NA,NA,"BAC.TRMR_Bro021_Mem210.20190830_2019"
"111","245","252","259","266","273","280","287","294","301","307",NA,NA,NA,NA,NA,NA,NA,"BAC.TRMR_Bro029_Mem195.20190830_2019"
"112","245","252","259","266","273","280","287","294","301","308",NA,NA,NA,NA,NA,NA,NA,"BAC.TRMR_Bro032_Mem204.20190830_2019"
"113","245","252","259","266","273","280","287","294","301","307",NA,NA,NA,NA,NA,NA,NA,"BAC.TRMR_Bro037_Mem205.20190830_2019"
"114","245","252","259","266","273","280","287","294","301","308",NA,NA,NA,NA,NA,NA,NA,"BAC.TRMR_Bro042_Mem144.20190830_2019"
"115","245","252","259","266","273","280","287","294","301","308",NA,NA,NA,NA,NA,NA,NA,"BAC.TRMR_Bro073_Mem169.20190830_2019"
"116","247","254","261","268","273",NA,NA,NA,NA,NA,NA,NA,NA,NA,NA,NA,NA,"BAC.TRMR_Rec004_Mem102.20200831_2020"
"117","238","245","252","259","266","273","280","287","294",NA,NA,NA,NA,NA,NA,NA,NA,"BAC.TRMR_Rec004_Mem135.20210530_2021"
"118","248","255","262","269","276","283","290","297","304",NA,NA,NA,NA,NA,NA,NA,NA,"BAC.TRMR_Rec006_Mem085.20200901_2020"
"119","238","245","252","259","266","273","280","287","294",NA,NA,NA,NA,NA,NA,NA,NA,"BAC.TRMR_Rec010_Mem195.20210530_2021"
"120","247","254","261","268","275","282","289","296","303",NA,NA,NA,NA,NA,NA,NA,NA,"BAC.TRMR_Rec014_Mem020.20200831_2020"
"121","238","245","252","259","266","273","280","287","294",NA,NA,NA,NA,NA,NA,NA,NA,"BAC.TRMR_Rec014_Mem210.20210529_2021"
"122","238","245","252","259","266","273","280","287","294",NA,NA,NA,NA,NA,NA,NA,NA,"BAC.TRMR_Rec017_Mem159.20210529_2021"
"123","247","254","261","268","275","282","289","296","303",NA,NA,NA,NA,NA,NA,NA,NA,"BAC.TRMR_Rec025_Mem076.20200831_2020"
"124","238","245","252","259","266","273","280","287","294",NA,NA,NA,NA,NA,NA,NA,NA,"BAC.TRMR_Rec027_Mem113.20210530 08/23/2021_2021"
"125","247","254","261","268","275","282","289","296","303",NA,NA,NA,NA,NA,NA,NA,NA,"BAC.TRMR_Rec036_Mem069.20200831_2020"
"126","238","245","252","259","266","273","280","287","294",NA,NA,NA,NA,NA,NA,NA,NA,"BAC.TRMR_Rec036_Mem165.20210529 08/23/2021_2021"
"127","238","245","252","259","266","273","280","287","294",NA,NA,NA,NA,NA,NA,NA,NA,"BAC.TRMR_Rec039_Mem137.20210529_2021"
"128","247","254","261","268","275","282","289","296","303",NA,NA,NA,NA,NA,NA,NA,NA,"BAC.TRMR_Rec040_Mem100.20200831_2020"
"129","247","254","261","268","275","282","289","296","303",NA,NA,NA,NA,NA,NA,NA,NA,"BAC.TRMR_Rec041_Mem099.20200831_2020"
"130","238","245","252","259","266","273","280","287","294",NA,NA,NA,NA,NA,NA,NA,NA,"BAC.TRMR_Rec042_Mem144.20210530_2021"
"131","248","255","262","269","276","283","290","297","304",NA,NA,NA,NA,NA,NA,NA,NA,"BAC.TRMR_Rec043_Mem081.20200901_2020"
"132","238","245","252","259","266","273","280","287","294",NA,NA,NA,NA,NA,NA,NA,NA,"BAC.TRMR_Rec043_Mem204.20210530_2021"
"133","247","254","261","268","275","282","289","296","303",NA,NA,NA,NA,NA,NA,NA,NA,"BAC.TRMR_Rec044_Mem065.20200831_2020"
"134","238","245","252","259","266","273","280","287","294",NA,NA,NA,NA,NA,NA,NA,NA,"BAC.TRMR_Rec044_Mem172.20210529_2021"
"135","247","254","261","268","275","282","289","296","303",NA,NA,NA,NA,NA,NA,NA,NA,"BAC.TRMR_Rec045_Mem064.20200831_2020"
"136","238","245","252","259","266","273","280","287","294",NA,NA,NA,NA,NA,NA,NA,NA,"BAC.TRMR_Rec045_Mem216.20210529_2021"
"137","238","245","252","259","266","273","280","287","294",NA,NA,NA,NA,NA,NA,NA,NA,"BAC.TRMR_Rec046_Mem117.20210530_2021"
"138","238","245","252","259","266","271",NA,NA,NA,NA,NA,NA,NA,NA,NA,NA,NA,"BAC.TRMR_Rec048_Mem148.20210529.fix_2021"
"139","248","255","262","269","276","283","290","297","304",NA,NA,NA,NA,NA,NA,NA,NA,"BAC.TRMR_Rec049_Mem095.20200901_2020"
"140","238","245","252","259","266","273","280","287","294",NA,NA,NA,NA,NA,NA,NA,NA,"BAC.TRMR_Rec049_Mem211.20210530_2021"
"141","247","254","261","268","275","282","289","296","303",NA,NA,NA,NA,NA,NA,NA,NA,"BAC.TRMR_Rec050_Mem060.20200831_2020"
"142","238","245","252","259","266","273","280","287","294",NA,NA,NA,NA,NA,NA,NA,NA,"BAC.TRMR_Rec050_Mem150.20210529_2021"
"143","247","254","261","268","275","282","289","296","303",NA,NA,NA,NA,NA,NA,NA,NA,"BAC.TRMR_Rec051_Mem036.20200831_2020"
"144","238","245","252","259","266","273","280","287","294",NA,NA,NA,NA,NA,NA,NA,NA,"BAC.TRMR_Rec051_Mem187.20210529_2021"
"145","238","245","252","259","266","273","280","287","294",NA,NA,NA,NA,NA,NA,NA,NA,"BAC.TRMR_Rec052_Mem152.20210530_2021"
"146","248","255","262","269","276","283","290","297","304",NA,NA,NA,NA,NA,NA,NA,NA,"BAC.TRMR_Rec056_Mem033.20200901_2020"
"147","238","245","252","259","266","273","280","287","294",NA,NA,NA,NA,NA,NA,NA,NA,"BAC.TRMR_Rec056_Mem219.20210530_2021"
"148","247","254","261","268","275","282","289","296","303",NA,NA,NA,NA,NA,NA,NA,NA,"BAC.TRMR_Rec058_Mem097.20200831_2020"
"149","238","245","252","259","266","273","280","287","294",NA,NA,NA,NA,NA,NA,NA,NA,"BAC.TRMR_Rec058_Mem173.20210529_2021"
"150","238","245","252","259","266","273","280","287","294",NA,NA,NA,NA,NA,NA,NA,NA,"BAC.TRMR_Rec060_Mem194.20210530_2021"
"151","247","254","261","268","275","282","289","296","303",NA,NA,NA,NA,NA,NA,NA,NA,"BAC.TRMR_Rec063_Mem079.20200831_2020"
"152","238","245","252","259","266","273","280","287","294",NA,NA,NA,NA,NA,NA,NA,NA,"BAC.TRMR_Rec063_Mem139.20210529_2021"
"153","247","254","261","268","275","282","289","296","303",NA,NA,NA,NA,NA,NA,NA,NA,"BAC.TRMR_Rec064_Mem061.20200831_2020"
"154","238","245","252","259","266","273","280","287","294",NA,NA,NA,NA,NA,NA,NA,NA,"BAC.TRMR_Rec064_Mem214.20210529_2021"
"155","281","288","295","302",NA,NA,NA,NA,NA,NA,NA,NA,NA,NA,NA,NA,NA,"FL_Forest_Melrose_12_54/FL20_N26_2022"
"156","247","254","261","268","275","282","288",NA,NA,NA,NA,NA,NA,NA,NA,NA,NA,"ID_Forest_Galena_2_2019"
"157","247","254","261","268","275","282","289","295",NA,NA,NA,NA,NA,NA,NA,NA,NA,"ID_Forest_Galena_3_2019"
"158","247","254","261","268","275","282","288",NA,NA,NA,NA,NA,NA,NA,NA,NA,NA,"ID_Forest_Galena_7_2019"
"159","247","254","261","268","275","282","288",NA,NA,NA,NA,NA,NA,NA,NA,NA,NA,"ID_Forest_Galena_8_2019"
"160","247","254","261","268","275","282","289","295",NA,NA,NA,NA,NA,NA,NA,NA,NA,"ID_Forest_Hailey_10_2019"
"161","250","257","264","271","278","285","292","299",NA,NA,NA,NA,NA,NA,NA,NA,NA,"ID_Forest_Rachlow_UIEF_22_01_01_2022"
"162","250","257","264","271","278","285","292","299",NA,NA,NA,NA,NA,NA,NA,NA,NA,"ID_Forest_Rachlow_UIEF_22_02_01_2022"
"163","250","257","264","271","278","285","292","298",NA,NA,NA,NA,NA,NA,NA,NA,NA,"ID_Forest_Rachlow_UIEF_22_03_01_2022"
"164","250","257","264","271","278","285","292","299",NA,NA,NA,NA,NA,NA,NA,NA,NA,"ID_Forest_Rachlow_UIEF_22_05_01_2022"
"165","250","257","264","271","278","285","292","299",NA,NA,NA,NA,NA,NA,NA,NA,NA,"ID_Forest_Rachlow_UIEF_22_08_01_2022"
"166","250","257","264","271","278","285","292","299",NA,NA,NA,NA,NA,NA,NA,NA,NA,"ID_Forest_Rachlow_UIEF_22_10_01_2022"
"167","250","257","264","271","278","285","292","299",NA,NA,NA,NA,NA,NA,NA,NA,NA,"ID_Forest_Rachlow_UIEF_22_12_01_2022"
"168","250","257","264","271","278","285","292","299",NA,NA,NA,NA,NA,NA,NA,NA,NA,"ID_Forest_Rachlow_UIEF_22_13_01_2022"
"169","249","256","263","270","277","284","291","298",NA,NA,NA,NA,NA,NA,NA,NA,NA,"ID_Forest_Rachlow_UIEF_22_14_01_2022"
"170","250","257","264","271","278","285","292","299",NA,NA,NA,NA,NA,NA,NA,NA,NA,"ID_Forest_Rachlow_UIEF_22_16_01_2022"
"171","250","257","264","271","278","285","292","299",NA,NA,NA,NA,NA,NA,NA,NA,NA,"ID_Forest_Rachlow_UIEF_22_18_01_2022"
"172","250","257","264","271","278","285","292","299",NA,NA,NA,NA,NA,NA,NA,NA,NA,"ID_Forest_Rachlow_UIEF_22_19_01_2022"
"173","250","257","264","271","278","285","292","299","304",NA,NA,NA,NA,NA,NA,NA,NA,"ID_Forest_Rachlow_UIEF_22_20_01_2022"
"174","250","257","264","271","278","285","292","299","304",NA,NA,NA,NA,NA,NA,NA,NA,"ID_Forest_Rachlow_UIEF_22_31_01_2022"
"175","252","259","266","273","280","287","294","301",NA,NA,NA,NA,NA,NA,NA,NA,NA,"ID_Forest_Rachlow_UIEF_22_32_01_2022"
"176","250","257","264","271","278","285","292","299",NA,NA,NA,NA,NA,NA,NA,NA,NA,"ID_Forest_Rachlow_UIEF_22_34_01_2022"
"177","250","257","264","271","278","285","292","299",NA,NA,NA,NA,NA,NA,NA,NA,NA,"ID_Forest_Rachlow_UIEF_22_35_01_2022"
"178","250","257","264","271","278","285","292","299",NA,NA,NA,NA,NA,NA,NA,NA,NA,"ID_Forest_Rachlow_UIEF_22_36_01_2022"
"179","250","257","264","271","278","285","292","299",NA,NA,NA,NA,NA,NA,NA,NA,NA,"ID_Forest_Rachlow_UIEF_22_37_01_2022"
"180","250","257","264","271","278","283",NA,NA,NA,NA,NA,NA,NA,NA,NA,NA,NA,"ID_Forest_Rachlow_UIEF_22_38_01_2022"
"181","253","260","267","274","281","288","295","301",NA,NA,NA,NA,NA,NA,NA,NA,NA,"ID_Forest_Rachlow_UIEF_22_40_01_2022"
"182","250","257","264","271","278","285","292","299",NA,NA,NA,NA,NA,NA,NA,NA,NA,"ID_Forest_Rachlow_UIEF_22_41_01_2022"
"183","250","257","264","271","278","285","292","299",NA,NA,NA,NA,NA,NA,NA,NA,NA,"ID_Forest_Rachlow_UIEF_22_42_01_2022"
"184","250","257","264","271","278","285","292","299",NA,NA,NA,NA,NA,NA,NA,NA,NA,"ID_Forest_Rachlow_UIEF_22_43_01_2022"
"185","250","257","264","271","278","285","292","299",NA,NA,NA,NA,NA,NA,NA,NA,NA,"ID_Forest_Rachlow_UIEF_22_44_01_2022"
"186","250","257","264","271","278","285","292","299",NA,NA,NA,NA,NA,NA,NA,NA,NA,"ID_Forest_Rachlow_UIEF_22_54_01_2022"
"187","243","250","257","264","271","278","285","292",NA,NA,NA,NA,NA,NA,NA,NA,NA,"ID_Forest_Rural_Rachlow_23_17_2023"
"188","244","251","258","265","272","279","286","293",NA,NA,NA,NA,NA,NA,NA,NA,NA,"ID_Forest_Rural_Rachlow_23_1_2023"
"189","244","251","258","265","272","279","286","293",NA,NA,NA,NA,NA,NA,NA,NA,NA,"ID_Forest_Rural_Rachlow_23_20_2023"
"190","243","250","257","264","271","278","285","292",NA,NA,NA,NA,NA,NA,NA,NA,NA,"ID_Forest_Rural_Rachlow_23_31_2023"
"191","243","250","257","264","271","278","285","292",NA,NA,NA,NA,NA,NA,NA,NA,NA,"ID_Forest_Rural_Rachlow_23_32_2023"
"192","243","250","257","264","271","278","285","292",NA,NA,NA,NA,NA,NA,NA,NA,NA,"ID_Forest_Rural_Rachlow_23_33_2023"
"193","244","251","258","265","272","279","286","293",NA,NA,NA,NA,NA,NA,NA,NA,NA,"ID_Forest_Rural_Rachlow_23_38_2023"
"194","243","250","257","264","271","278","285","292",NA,NA,NA,NA,NA,NA,NA,NA,NA,"ID_Forest_Rural_Rachlow_23_39_2023"
"195","243","250","257","264","269",NA,NA,NA,NA,NA,NA,NA,NA,NA,NA,NA,NA,"ID_Forest_Rural_Rachlow_23_48_2023"
"196","244","251","258","265","272","279","286","293",NA,NA,NA,NA,NA,NA,NA,NA,NA,"ID_Forest_Rural_Rachlow_23_57_2023"
"197","244","251","258","265","272","279","286","293",NA,NA,NA,NA,NA,NA,NA,NA,NA,"ID_Forest_Rural_Rachlow_23_9_2023"
"198","247","254","261","268","275","282","289",NA,NA,NA,NA,NA,NA,NA,NA,NA,NA,"ID_Forest_Sun_Valley_2_2019"
"199","249","256","263","270","277","284","290",NA,NA,NA,NA,NA,NA,NA,NA,NA,NA,"ID_Forest_Sun_Valley_3_2019"
"200","247","254","261","268","275","282","289",NA,NA,NA,NA,NA,NA,NA,NA,NA,NA,"ID_Forest_Sun_Valley_7_2019"
"201","247","254","261","268","275","282","289","294",NA,NA,NA,NA,NA,NA,NA,NA,NA,"ID_Forest_Sun_Valley_8_2019"
"202","250","257","264","271","278","285","291",NA,NA,NA,NA,NA,NA,NA,NA,NA,NA,"ID_Forest_Sun_Valley_9_2019"
"203","263","270","277","284","291","298","304",NA,NA,NA,NA,NA,NA,NA,NA,NA,NA,"MT_Forest_Hebblewhite_22_06_JM14_01_2022"
"204","308","315","322","329","336","343","350",NA,NA,NA,NA,NA,NA,NA,NA,NA,NA,"MT_Forest_Hebblewhite_22_06_JM14_02_2022"
"205","263","270","277","284","291","298","304",NA,NA,NA,NA,NA,NA,NA,NA,NA,NA,"MT_Forest_Hebblewhite_22_08_JM12_01_2022"
"206","281","288","295","302","309","316","323","330","337","344","351",NA,NA,NA,NA,NA,NA,"MT_Forest_Hebblewhite_22_09_JM6_02_2022"
"207","310","317","324","331","338","345","351",NA,NA,NA,NA,NA,NA,NA,NA,NA,NA,"MT_Forest_Hebblewhite_22_10_JM4_02_2022"
"208","308","315","322","329","336","343","350",NA,NA,NA,NA,NA,NA,NA,NA,NA,NA,"MT_Forest_Hebblewhite_22_10_R7_02_2022"
"209","268","275","282","289","296","303",NA,NA,NA,NA,NA,NA,NA,NA,NA,NA,NA,"MT_Forest_Hebblewhite_22_13_R5_01_2022"
"210","295","302","309","316","323","330","337","344","349",NA,NA,NA,NA,NA,NA,NA,NA,"MT_Forest_Hebblewhite_22_19_JM5_02_2022"
"211","308","315","322","329","336","343","350",NA,NA,NA,NA,NA,NA,NA,NA,NA,NA,"MT_Forest_Hebblewhite_22_22b_R6_02_2022"
"212","308","315","322","329","336","343","350",NA,NA,NA,NA,NA,NA,NA,NA,NA,NA,"MT_Forest_Hebblewhite_22_23_R1_02_2022"
"213","295","302","309","316","323","330","337","344","351",NA,NA,NA,NA,NA,NA,NA,NA,"MT_Forest_Hebblewhite_22_27b_H1_02_2022"
"214","295","302","309","316","322",NA,NA,NA,NA,NA,NA,NA,NA,NA,NA,NA,NA,"MT_Forest_Hebblewhite_22_28_H5_02_2022"
"215","247","254","261","268","275","282","289","296","303",NA,NA,NA,NA,NA,NA,NA,NA,"MT_Forest_RiverTrail_21_dep_01_2021"
"216","244","251","258","265","272","279","286","293","300","305",NA,NA,NA,NA,NA,NA,NA,"MT_Forest_RiverTrail_21_dep_03_2021"
"217","279","286","293","300","306",NA,NA,NA,NA,NA,NA,NA,NA,NA,NA,NA,NA,"MT_Forest_RiverTrail_21_dep_05_2021"
"218","244","251","258","265","272",NA,NA,NA,NA,NA,NA,NA,NA,NA,NA,NA,NA,"MT_Forest_RiverTrail_21_dep_06_2021"
"219","244","251","258","265","272","279","286","293","300","306",NA,NA,NA,NA,NA,NA,NA,"MT_Forest_RiverTrail_21_dep_07_2021"
"220","236","243","250",NA,NA,NA,NA,NA,NA,NA,NA,NA,NA,NA,NA,NA,NA,"MT_Forest_RiverTrail_22_Cam07_2022"
"221","241","248","255","262","269","276","283","290","297","304","311","318",NA,NA,NA,NA,NA,"MT_Forest_RiverTrail_Cam05_2023"
"222","244","251","258","265","272","279","286","293","300","307","314","320",NA,NA,NA,NA,NA,"MT_Forest_RiverTrail_Cam06_2023"
"223","251","258","265","272","279","284",NA,NA,NA,NA,NA,NA,NA,NA,NA,NA,NA,"MT_Forest_River_Trail_20_01A_2020"
"224","248","255","262","269","276","283","288",NA,NA,NA,NA,NA,NA,NA,NA,NA,NA,"MT_Forest_River_Trail_20_02_2020"
"225","248","255","262","269","276","283","290","297","304",NA,NA,NA,NA,NA,NA,NA,NA,"MT_Forest_River_Trail_20_03_2020"
"226","246","253","260","267","274","281","288","295","302","307",NA,NA,NA,NA,NA,NA,NA,"MT_Forest_River_Trail_20_05_2020"
"227","248","255","262","269","276","283","290","297",NA,NA,NA,NA,NA,NA,NA,NA,NA,"MT_Forest_River_Trail_20_08_2020"
"228","252","259","266","272",NA,NA,NA,NA,NA,NA,NA,NA,NA,NA,NA,NA,NA,"MT_Forest_River_Trail_20_09_2020"
"229","247","254","261","268","275","282","289","296","303","310","315",NA,NA,NA,NA,NA,NA,"MT_Forest_Wild_MTHansen_23.BAC.TRMR_Rec001_Mem017.20230725_2023"
"230","247","254","261","268","275","282","289","296","303","310","315",NA,NA,NA,NA,NA,NA,"MT_Forest_Wild_MTHansen_23.BAC.TRMR_Rec002_Mem059.20230724_2023"
"231","247","254","261","268","275","282","289","296","303","310","315",NA,NA,NA,NA,NA,NA,"MT_Forest_Wild_MTHansen_23.BAC.TRMR_Rec004_Mem050.20230725_2023"
"232","247","254","261","268","275","282","289","296","303","310","315",NA,NA,NA,NA,NA,NA,"MT_Forest_Wild_MTHansen_23.BAC.TRMR_Rec010_Mem173.20230725_2023"
"233","247","254","261","268","275","282","289","296","303","310",NA,NA,NA,NA,NA,NA,NA,"MT_Forest_Wild_MTHansen_23.BAC.TRMR_Rec014_Mem002.20230725_2023"
"234","247","254","261","268","275","282","289","296","303","310","315",NA,NA,NA,NA,NA,NA,"MT_Forest_Wild_MTHansen_23.BAC.TRMR_Rec017_Mem013.20230725_2023"
"235","247","254","261","268","275","282","289","296","303","310",NA,NA,NA,NA,NA,NA,NA,"MT_Forest_Wild_MTHansen_23.BAC.TRMR_Rec018_Mem211.20230725_2023"
"236","247","254","261","268","275","282","289","296","303","310","315",NA,NA,NA,NA,NA,NA,"MT_Forest_Wild_MTHansen_23.BAC.TRMR_Rec027_Mem168.20230725_2023"
"237","247","254","261","268","275","282","289","296","303","310","315",NA,NA,NA,NA,NA,NA,"MT_Forest_Wild_MTHansen_23.BAC.TRMR_Rec036_Mem224.20230725_2023"
"238","247","254","261","268","275","282","289","296","303","310",NA,NA,NA,NA,NA,NA,NA,"MT_Forest_Wild_MTHansen_23.BAC.TRMR_Rec039_Mem227.20230725_2023"
"239","247","254","261","268","275","282","289","296","303","310","315",NA,NA,NA,NA,NA,NA,"MT_Forest_Wild_MTHansen_23.BAC.TRMR_Rec040_Mem028.20230724_2023"
"240","247","254","261","268","275","282","289","296","303","310",NA,NA,NA,NA,NA,NA,NA,"MT_Forest_Wild_MTHansen_23.BAC.TRMR_Rec041_Mem228.20230725_2023"
"241","247","254","261","268","275","282","289","296","303","310","315",NA,NA,NA,NA,NA,NA,"MT_Forest_Wild_MTHansen_23.BAC.TRMR_Rec043_Mem051.20230724_2023"
"242","247","254","261","268","275","282","289","296","303","310","315",NA,NA,NA,NA,NA,NA,"MT_Forest_Wild_MTHansen_23.BAC.TRMR_Rec045_Mem005.20230724_2023"
"243","247","254","261","268","275","282","289","296","303","310","315",NA,NA,NA,NA,NA,NA,"MT_Forest_Wild_MTHansen_23.BAC.TRMR_Rec046_Mem063.20230724_2023"
"244","247","254","261","268","275","282","289","296","303","310","315",NA,NA,NA,NA,NA,NA,"MT_Forest_Wild_MTHansen_23.BAC.TRMR_Rec048_Mem004.20230724_2023"
"245","247","254","261","268","275","282","289","296","303","310",NA,NA,NA,NA,NA,NA,NA,"MT_Forest_Wild_MTHansen_23.BAC.TRMR_Rec049_Mem068.20230724_2023"
"246","247","254","261","268","275","282","287",NA,NA,NA,NA,NA,NA,NA,NA,NA,NA,"MT_Forest_Wild_MTHansen_23.BAC.TRMR_Rec050_Mem025.20230725_2023"
"247","247","254","261","268","275","282","289","296","303","310",NA,NA,NA,NA,NA,NA,NA,"MT_Forest_Wild_MTHansen_23.BAC.TRMR_Rec051_Mem194.20230725_2023"
"248","247","254","261","268","275","282","289","296","303","310","315",NA,NA,NA,NA,NA,NA,"MT_Forest_Wild_MTHansen_23.BAC.TRMR_Rec052_Mem092.20230724_2023"
"249","247","254","261","268","275","282","289","296","303","310","315",NA,NA,NA,NA,NA,NA,"MT_Forest_Wild_MTHansen_23.BAC.TRMR_Rec056_Mem106.20230724_2023"
"250","247","254","261","268","275","282","289","296","303","310",NA,NA,NA,NA,NA,NA,NA,"MT_Forest_Wild_MTHansen_23.BAC.TRMR_Rec058_Mem007.20230725_2023"
"251","247","254","261","268","275","282","289","296","303","310","315",NA,NA,NA,NA,NA,NA,"MT_Forest_Wild_MTHansen_23.BAC.TRMR_Rec060_Mem006.20230725_2023"
"252","265","272","279","286","293","300","307","313",NA,NA,NA,NA,NA,NA,NA,NA,NA,"MT_Grassland_BandyRanch_WBIO 3_2023"
"253","265","272","279","286","293","300","307","313",NA,NA,NA,NA,NA,NA,NA,NA,NA,"MT_Grassland_BandyRanch_WBIO 9_2023"
"254","258","265","272","279","286","293","300",NA,NA,NA,NA,NA,NA,NA,NA,NA,NA,"MT_Grassland_BandyRanch_WILD14_2023"
"255","252","259","266","273","280","287","294","301",NA,NA,NA,NA,NA,NA,NA,NA,NA,"MT_Grassland_BandyRanch_Wild 02_2023"
"256","256","263","270","277","284","291","298","305","312","317",NA,NA,NA,NA,NA,NA,NA,"MT_Grassland_Forest_Shrubland_Hansen_22.BAC.TRMR_Rec001_Mem194.20220910_2022"
"257","257","264","271","278","285","292","299","306","313",NA,NA,NA,NA,NA,NA,NA,NA,"MT_Grassland_Forest_Shrubland_Hansen_22.BAC.TRMR_Rec002_Mem059.20220911_2022"
"258","257","264","271","278","285","292","299","306","313",NA,NA,NA,NA,NA,NA,NA,NA,"MT_Grassland_Forest_Shrubland_Hansen_22.BAC.TRMR_Rec004_Mem218.20220911_2022"
"259","257","264","271","278","285","292","299","306","313",NA,NA,NA,NA,NA,NA,NA,NA,"MT_Grassland_Forest_Shrubland_Hansen_22.BAC.TRMR_Rec006_Mem009.20220911_2022"
"260","257","264","271","278","285","292","299","306","313",NA,NA,NA,NA,NA,NA,NA,NA,"MT_Grassland_Forest_Shrubland_Hansen_22.BAC.TRMR_Rec010_Mem190.20220911_2022"
"261","256","263","270","277","284","291","298","305","312",NA,NA,NA,NA,NA,NA,NA,NA,"MT_Grassland_Forest_Shrubland_Hansen_22.BAC.TRMR_Rec014_Mem063.20220910_2022"
"262","257","264","271","278","285","292","299","306","313",NA,NA,NA,NA,NA,NA,NA,NA,"MT_Grassland_Forest_Shrubland_Hansen_22.BAC.TRMR_Rec017_Mem007.20220911_2022"
"263","256","263","270","277","284","291","298","305","310",NA,NA,NA,NA,NA,NA,NA,NA,"MT_Grassland_Forest_Shrubland_Hansen_22.BAC.TRMR_Rec018_Mem147.20220910_2022"
"264","257","264","271","278","285","292","299","306","313",NA,NA,NA,NA,NA,NA,NA,NA,"MT_Grassland_Forest_Shrubland_Hansen_22.BAC.TRMR_Rec036_Mem010.20220911_2022"
"265","257","264","271","278","285","292","299","306","313",NA,NA,NA,NA,NA,NA,NA,NA,"MT_Grassland_Forest_Shrubland_Hansen_22.BAC.TRMR_Rec037_Mem004.20220911_2022"
"266","257","264","271","278","285","292","299","306","313",NA,NA,NA,NA,NA,NA,NA,NA,"MT_Grassland_Forest_Shrubland_Hansen_22.BAC.TRMR_Rec040_Mem002.20220911_2022"
"267","256","263","270","277","284","291","298","305","312",NA,NA,NA,NA,NA,NA,NA,NA,"MT_Grassland_Forest_Shrubland_Hansen_22.BAC.TRMR_Rec044_Mem106.20220910_2022"
"268","257","264","271","278","285","292","299","306","313",NA,NA,NA,NA,NA,NA,NA,NA,"MT_Grassland_Forest_Shrubland_Hansen_22.BAC.TRMR_Rec046_Mem045.20220911_2022"
"269","256","263","270","277","284","291","298","305","312",NA,NA,NA,NA,NA,NA,NA,NA,"MT_Grassland_Forest_Shrubland_Hansen_22.BAC.TRMR_Rec050_Mem068.20220910_2022"
"270","256","263","270","277","284","291","298","305","312",NA,NA,NA,NA,NA,NA,NA,NA,"MT_Grassland_Forest_Shrubland_Hansen_22.BAC.TRMR_Rec051_Mem050.20220910_2022"
"271","257","264","271","278","285","292","299","306","313",NA,NA,NA,NA,NA,NA,NA,NA,"MT_Grassland_Forest_Shrubland_Hansen_22.BAC.TRMR_Rec052_Mem005.20220911_2022"
"272","257","264","271","278","285","292","299","306","313",NA,NA,NA,NA,NA,NA,NA,NA,"MT_Grassland_Forest_Shrubland_Hansen_22.BAC.TRMR_Rec056_Mem224.20220911_2022"
"273","256","263","270","277","284","291","298","305","312",NA,NA,NA,NA,NA,NA,NA,NA,"MT_Grassland_Forest_Shrubland_Hansen_22.BAC.TRMR_Rec058_Mem092.20220910_2022"
"274","256","263","270","277","284","291","298","305","312","317",NA,NA,NA,NA,NA,NA,NA,"MT_Grassland_Forest_Shrubland_Hansen_22.BAC.TRMR_Rec060_Mem173.20220910_2022"
"275","251",NA,NA,NA,NA,NA,NA,NA,NA,NA,NA,NA,NA,NA,NA,NA,NA,"MT_autumn_PN_Grass05_Cam2_2019"
"276","247",NA,NA,NA,NA,NA,NA,NA,NA,NA,NA,NA,NA,NA,NA,NA,NA,"MT_autumn_PN_Grass05_Cam3_2019"
"277","246",NA,NA,NA,NA,NA,NA,NA,NA,NA,NA,NA,NA,NA,NA,NA,NA,"MT_autumn_PN_Grass07_Cam2_2019"
"278","245",NA,NA,NA,NA,NA,NA,NA,NA,NA,NA,NA,NA,NA,NA,NA,NA,"MT_autumn_PN_Grass07_Cam3_2019"
"279","245",NA,NA,NA,NA,NA,NA,NA,NA,NA,NA,NA,NA,NA,NA,NA,NA,"MT_autumn_PN_Grass08_Cam1_2019"
"280","249",NA,NA,NA,NA,NA,NA,NA,NA,NA,NA,NA,NA,NA,NA,NA,NA,"MT_autumn_PN_Grass09_Cam1_2019"
"281","247","254",NA,NA,NA,NA,NA,NA,NA,NA,NA,NA,NA,NA,NA,NA,NA,"MT_autumn_PN_Grass09_Cam2_2019"
"282","244",NA,NA,NA,NA,NA,NA,NA,NA,NA,NA,NA,NA,NA,NA,NA,NA,"MT_autumn_PN_Grass09_Cam3_2019"
"283","248","255",NA,NA,NA,NA,NA,NA,NA,NA,NA,NA,NA,NA,NA,NA,NA,"MT_autumn_PN_Grass10_Cam3_2019"
"284","246","253","258",NA,NA,NA,NA,NA,NA,NA,NA,NA,NA,NA,NA,NA,NA,"MT_autumn_PN_PD75_Cam2_2019"
"285","246","253","258",NA,NA,NA,NA,NA,NA,NA,NA,NA,NA,NA,NA,NA,NA,"MT_autumn_PN_PD75_Cam3_2019"
"286","259","266","271",NA,NA,NA,NA,NA,NA,NA,NA,NA,NA,NA,NA,NA,NA,"NM_Desert_White_Sands_10_2019"
"287","261",NA,NA,NA,NA,NA,NA,NA,NA,NA,NA,NA,NA,NA,NA,NA,NA,"NM_Desert_White_Sands_12_2019"
"288","245",NA,NA,NA,NA,NA,NA,NA,NA,NA,NA,NA,NA,NA,NA,NA,NA,"NM_Desert_White_Sands_14_2019"
"289","270","277",NA,NA,NA,NA,NA,NA,NA,NA,NA,NA,NA,NA,NA,NA,NA,"NM_Desert_White_Sands_15_2019"
"290","252","259","266","273","280",NA,NA,NA,NA,NA,NA,NA,NA,NA,NA,NA,NA,"NM_Desert_White_Sands_16_2019"
"291","257",NA,NA,NA,NA,NA,NA,NA,NA,NA,NA,NA,NA,NA,NA,NA,NA,"NM_Desert_White_Sands_20_2019"
"292","250","257","264","271","278","285","290",NA,NA,NA,NA,NA,NA,NA,NA,NA,NA,"NM_Desert_White_Sands_2_2019"
"293","255","262","269","276","283","288",NA,NA,NA,NA,NA,NA,NA,NA,NA,NA,NA,"NM_Desert_White_Sands_30_2019"
"294","247",NA,NA,NA,NA,NA,NA,NA,NA,NA,NA,NA,NA,NA,NA,NA,NA,"NM_Desert_White_Sands_32_2019"
"295","247",NA,NA,NA,NA,NA,NA,NA,NA,NA,NA,NA,NA,NA,NA,NA,NA,"NM_Desert_White_Sands_34_2019"
"296","256","263","270",NA,NA,NA,NA,NA,NA,NA,NA,NA,NA,NA,NA,NA,NA,"NM_Desert_White_Sands_6_2019"
"297","264",NA,NA,NA,NA,NA,NA,NA,NA,NA,NA,NA,NA,NA,NA,NA,NA,"NM_Desert_White_Sands_7_2019"
"298","270","275",NA,NA,NA,NA,NA,NA,NA,NA,NA,NA,NA,NA,NA,NA,NA,"NM_Desert_White_Sands_9_2019"
"299","259",NA,NA,NA,NA,NA,NA,NA,NA,NA,NA,NA,NA,NA,NA,NA,NA,"NM_Grassland_Rural_ENMU_Camera #6 Bushnell_2023"
"300","269","276","283","290",NA,NA,NA,NA,NA,NA,NA,NA,NA,NA,NA,NA,NA,"NM_Grassland_Rural_ENMU_loc1_2023"
"301","259","266","273","280","287","294","301","306",NA,NA,NA,NA,NA,NA,NA,NA,NA,"NM_Grassland_Rural_ENMU_loc2b_2023"
"302","259","266","273","280","287","294","301","308",NA,NA,NA,NA,NA,NA,NA,NA,NA,"NM_Grassland_Rural_ENMU_loc2c_2023"
"303","259","266","273","280","287","294","301","308",NA,NA,NA,NA,NA,NA,NA,NA,NA,"NM_Grassland_Rural_ENMU_loc3_2023"
"304","258","265","272","279","284",NA,NA,NA,NA,NA,NA,NA,NA,NA,NA,NA,NA,"NM_Grassland_Rural_ENMU_loc4_2023"
"305","259","266","273","280","285",NA,NA,NA,NA,NA,NA,NA,NA,NA,NA,NA,NA,"NM_Grassland_Rural_ENMU_loc5_2023"
"306","260","267","274","281",NA,NA,NA,NA,NA,NA,NA,NA,NA,NA,NA,NA,NA,"NM_Grassland_Rural_ENMU_loc6_2023"
"307","262","269","276","283","290","297","304","310",NA,NA,NA,NA,NA,NA,NA,NA,NA,"NM_Grassland_Rural_ENMU_loc7_2023"
"308","265","272","279","286","293","300","307",NA,NA,NA,NA,NA,NA,NA,NA,NA,NA,"NM_Grassland_Rural_ENMU_loc8_2023"
"309","283","290","297",NA,NA,NA,NA,NA,NA,NA,NA,NA,NA,NA,NA,NA,NA,"OR_Forest_Cow_Creek_20_01_2020"
"310","283","290","297",NA,NA,NA,NA,NA,NA,NA,NA,NA,NA,NA,NA,NA,NA,"OR_Forest_Cow_Creek_20_03_2020"
"311","283","290","297",NA,NA,NA,NA,NA,NA,NA,NA,NA,NA,NA,NA,NA,NA,"OR_Forest_Cow_Creek_20_04_2020"
"312","283","290","297",NA,NA,NA,NA,NA,NA,NA,NA,NA,NA,NA,NA,NA,NA,"OR_Forest_Cow_Creek_20_05_2020"
"313","283","290","297",NA,NA,NA,NA,NA,NA,NA,NA,NA,NA,NA,NA,NA,NA,"OR_Forest_Cow_Creek_20_06_2020"
"314","282","289","296","301",NA,NA,NA,NA,NA,NA,NA,NA,NA,NA,NA,NA,NA,"OR_Forest_Cow_Creek_20_09_2020"
"315","247","254","261","268","275","282","289","296","303","310","317","324",NA,NA,NA,NA,NA,"OR_Forest_Forrester_21_dep_01_2021"
"316","247","254","261","268","275","282","289","296","303","310","317","324",NA,NA,NA,NA,NA,"OR_Forest_Forrester_21_dep_02_2021"
"317","247","254","261","268","275","282","289","296","303","308",NA,NA,NA,NA,NA,NA,NA,"OR_Forest_Forrester_21_dep_03_2021"
"318","247","254","261","268","275","282","289","296","303","308",NA,NA,NA,NA,NA,NA,NA,"OR_Forest_Forrester_21_dep_04_2021"
"319","247","254","261","268","275","282","289","296","301",NA,NA,NA,NA,NA,NA,NA,NA,"OR_Forest_Forrester_21_dep_07_2021"
"320","247","254","261","268","275","282","289","296","303",NA,NA,NA,NA,NA,NA,NA,NA,"OR_Forest_Forrester_21_dep_09_2021"
"321","247","254","261","268","275","282","289","296","303",NA,NA,NA,NA,NA,NA,NA,NA,"OR_Forest_Forrester_21_dep_10_2021"
"322","247","254","261","268","275","282","289","296","303","310",NA,NA,NA,NA,NA,NA,NA,"OR_Forest_Forrester_21_dep_12_2021"
"323","247","254","261","268","275","282","289","296","303","310",NA,NA,NA,NA,NA,NA,NA,"OR_Forest_Forrester_21_dep_13_2021"
"324","247","254","261","268","275","282","289","296","301",NA,NA,NA,NA,NA,NA,NA,NA,"OR_Forest_Forrester_21_dep_14_2021"
"325","247","254","261","268","275","282","289","296","301",NA,NA,NA,NA,NA,NA,NA,NA,"OR_Forest_Forrester_21_dep_15_2021"
"326","247","254","261","268","275","282","289","296","303","310","317","322",NA,NA,NA,NA,NA,"OR_Forest_Forrester_21_dep_16_2021"
"327","247","254","261","268","275","282","289","296","303","308",NA,NA,NA,NA,NA,NA,NA,"OR_Forest_Forrester_21_dep_17_2021"
"328","247","254","261","268","275","282","289","296","303","310",NA,NA,NA,NA,NA,NA,NA,"OR_Forest_Forrester_21_dep_20_2021"
"329","247","254","261","268","275","282","289","296","303","308",NA,NA,NA,NA,NA,NA,NA,"OR_Forest_Forrester_21_dep_21_2021"
"330","247","254","261","268","275","280",NA,NA,NA,NA,NA,NA,NA,NA,NA,NA,NA,"OR_Forest_Forrester_21_dep_24_2021"
"331","247","254","261","268",NA,NA,NA,NA,NA,NA,NA,NA,NA,NA,NA,NA,NA,"OR_Forest_Forrester_21_dep_25_2021"
"332","247","254",NA,NA,NA,NA,NA,NA,NA,NA,NA,NA,NA,NA,NA,NA,NA,"OR_Forest_Forrester_21_dep_27_2021"
"333","247","254","261","268","275","282","289","296","303","308",NA,NA,NA,NA,NA,NA,NA,"OR_Forest_Forrester_21_dep_28_2021"
"334","252","259","266","273","280","287","294",NA,NA,NA,NA,NA,NA,NA,NA,NA,NA,"OR_Forest_Oregon_State_University_10_2019"
"335","252","259","266","273","280","287","294",NA,NA,NA,NA,NA,NA,NA,NA,NA,NA,"OR_Forest_Oregon_State_University_12_2019"
"336","252","259","266","273","280","287","294",NA,NA,NA,NA,NA,NA,NA,NA,NA,NA,"OR_Forest_Oregon_State_University_15_2019"
"337","251","258","265","272","279","286","293","298",NA,NA,NA,NA,NA,NA,NA,NA,NA,"OR_Forest_Oregon_State_University_20_02_2020"
"338","251","258","265","272","279","286","293","298",NA,NA,NA,NA,NA,NA,NA,NA,NA,"OR_Forest_Oregon_State_University_20_03_2020"
"339","251","258","265","272","279","286","293","298",NA,NA,NA,NA,NA,NA,NA,NA,NA,"OR_Forest_Oregon_State_University_20_04_2020"
"340","251","258","265","272","279","286","293","298",NA,NA,NA,NA,NA,NA,NA,NA,NA,"OR_Forest_Oregon_State_University_20_05_2020"
"341","251","258","265","272","279","286","293","298",NA,NA,NA,NA,NA,NA,NA,NA,NA,"OR_Forest_Oregon_State_University_20_07_2020"
"342","255","262","269","276","283","290","296",NA,NA,NA,NA,NA,NA,NA,NA,NA,NA,"OR_Forest_Oregon_State_University_20_10_2020"
"343","251","258","265","272","279","286","293","298",NA,NA,NA,NA,NA,NA,NA,NA,NA,"OR_Forest_Oregon_State_University_20_11_2020"
"344","251","258","265","272","279","286","293","298",NA,NA,NA,NA,NA,NA,NA,NA,NA,"OR_Forest_Oregon_State_University_20_12_2020"
"345","254","261","268","275","282","289","296",NA,NA,NA,NA,NA,NA,NA,NA,NA,NA,"OR_Forest_Oregon_State_University_20_13_2020"
"346","251","258","265","272","279","286","293","298",NA,NA,NA,NA,NA,NA,NA,NA,NA,"OR_Forest_Oregon_State_University_20_14_2020"
"347","267","274","281","288","295","302","309","314",NA,NA,NA,NA,NA,NA,NA,NA,NA,"OR_Forest_Oregon_State_University_22_ORSNAP01 09/21/2022_2022"
"348","267","274","281","288","295","302","309","314",NA,NA,NA,NA,NA,NA,NA,NA,NA,"OR_Forest_Oregon_State_University_22_ORSNAP02 09/21/2022_2022"
"349","267","274","281","288","295","302","309","314",NA,NA,NA,NA,NA,NA,NA,NA,NA,"OR_Forest_Oregon_State_University_22_ORSNAP03 09/21/2022_2022"
"350","267","274","281","288","295","302","309","314",NA,NA,NA,NA,NA,NA,NA,NA,NA,"OR_Forest_Oregon_State_University_22_ORSNAP04 09/21/2022_2022"
"351","267","274","281","288","295","302","309","314",NA,NA,NA,NA,NA,NA,NA,NA,NA,"OR_Forest_Oregon_State_University_22_ORSNAP05 09/21/2022_2022"
"352","267","274","281","288","295","302","309","314",NA,NA,NA,NA,NA,NA,NA,NA,NA,"OR_Forest_Oregon_State_University_22_ORSNAP06 09/21/2022_2022"
"353","267","274","281","288","295","302","309","314",NA,NA,NA,NA,NA,NA,NA,NA,NA,"OR_Forest_Oregon_State_University_22_ORSNAP07 09/21/2022_2022"
"354","267","274","281","288","295","302","309","314",NA,NA,NA,NA,NA,NA,NA,NA,NA,"OR_Forest_Oregon_State_University_22_ORSNAP08 09/21/2022_2022"
"355","269","276","283","290","297","304","311",NA,NA,NA,NA,NA,NA,NA,NA,NA,NA,"OR_Forest_Oregon_State_University_22_ORSNAP10 09/23/2022_2022"
"356","269","276","283","290","297","304","311",NA,NA,NA,NA,NA,NA,NA,NA,NA,NA,"OR_Forest_Oregon_State_University_22_ORSNAP11 09/23/2022_2022"
"357","277","284","291","298","305","312",NA,NA,NA,NA,NA,NA,NA,NA,NA,NA,NA,"OR_Forest_Oregon_State_University_22_ORSNAP13 09/23/2022_2022"
"358","269","276","283","290","297","304","311",NA,NA,NA,NA,NA,NA,NA,NA,NA,NA,"OR_Forest_Oregon_State_University_22_ORSNAP14 09/23/2022_2022"
"359","267","274","281","288","295","302","309","314",NA,NA,NA,NA,NA,NA,NA,NA,NA,"OR_Forest_Oregon_State_University_22_ORSNAP15 09/21/2022_2022"
"360","248","255","262","269","276","282",NA,NA,NA,NA,NA,NA,NA,NA,NA,NA,NA,"OR_Forest_Starkey_Experimental_Forest_14B_2019"
"361","247","254","261","268","275",NA,NA,NA,NA,NA,NA,NA,NA,NA,NA,NA,NA,"OR_Forest_Starkey_Experimental_Forest_15B_2019"
"362","256","263","270","275",NA,NA,NA,NA,NA,NA,NA,NA,NA,NA,NA,NA,NA,"OR_Forest_Starkey_Experimental_Forest_36B_2019"
"363","251","258","265","272","277",NA,NA,NA,NA,NA,NA,NA,NA,NA,NA,NA,NA,"OR_Forest_Starkey_Experimental_Forest_39_2019"
"364","249","256","263","270","276",NA,NA,NA,NA,NA,NA,NA,NA,NA,NA,NA,NA,"OR_Forest_Starkey_Experimental_Forest_60B_2019"
"365","242","249","256","263","270","277","284",NA,NA,NA,NA,NA,NA,NA,NA,NA,NA,"OR_McMinnville_CentralOak_Vikeri_Cam4_2023"
"366","290",NA,NA,NA,NA,NA,NA,NA,NA,NA,NA,NA,NA,NA,NA,NA,NA,"OR_McMinnville_EastCreekOak_SS23_Cam7_2023"
"367","244","251","258","265","272","279","286","293","300",NA,NA,NA,NA,NA,NA,NA,NA,"OR_McMinnville_PropertyLine_West_SS23_Cam10 08/27/2023_2023"
"368","242","249","256","263","270","277","284",NA,NA,NA,NA,NA,NA,NA,NA,NA,NA,"OR_McMinnville_QuailTreeWest_SS23_Cam3 08/27/2023_2023"
"369","242","249","256","263","270","277","284","291","298","303",NA,NA,NA,NA,NA,NA,NA,"OR_McMinnville_West.Forest.Snag_SS23_Cam2 08/27/2023_2023"
"370","244","251","258","265","272","279","286","293","300",NA,NA,NA,NA,NA,NA,NA,NA,"OR_McMinnville_WestRiverBank_SS23_Cam9 08/27/2023_2023"
"371","244","251","258","265","272","279","286","293","300",NA,NA,NA,NA,NA,NA,NA,NA,"OR_McMinnville_WestRiverBank_Snag_SS23_Cam11 08/27/2023_2023"
"372","269","276","283","290","297","304","309",NA,NA,NA,NA,NA,NA,NA,NA,NA,NA,"Oregon_Forest_Lesmeister_21_dep_01_2021"
"373","269","276","283","290","297","304","309",NA,NA,NA,NA,NA,NA,NA,NA,NA,NA,"Oregon_Forest_Lesmeister_21_dep_02_2021"
"374","269","276","283","290","297","304","309",NA,NA,NA,NA,NA,NA,NA,NA,NA,NA,"Oregon_Forest_Lesmeister_21_dep_03_2021"
"375","269","276","283","290","297","304","309",NA,NA,NA,NA,NA,NA,NA,NA,NA,NA,"Oregon_Forest_Lesmeister_21_dep_04_2021"
"376","269","276","283","290","297","304","309",NA,NA,NA,NA,NA,NA,NA,NA,NA,NA,"Oregon_Forest_Lesmeister_21_dep_05_2021"
"377","269","276","283","290","297","304","309",NA,NA,NA,NA,NA,NA,NA,NA,NA,NA,"Oregon_Forest_Lesmeister_21_dep_07_2021"
"378","269","276","283","290","297","304","309",NA,NA,NA,NA,NA,NA,NA,NA,NA,NA,"Oregon_Forest_Lesmeister_21_dep_09_2021"
"379","269","276","283","290","297","304","309",NA,NA,NA,NA,NA,NA,NA,NA,NA,NA,"Oregon_Forest_Lesmeister_21_dep_10_2021"
"380","269","276","283","290","297","304","309",NA,NA,NA,NA,NA,NA,NA,NA,NA,NA,"Oregon_Forest_Lesmeister_21_dep_13_2021"
"381","269","276","283","290","297","304","309",NA,NA,NA,NA,NA,NA,NA,NA,NA,NA,"Oregon_Forest_Lesmeister_21_dep_14_2021"
"382","269","276","283","290","297","304","309",NA,NA,NA,NA,NA,NA,NA,NA,NA,NA,"Oregon_Forest_Lesmeister_21_dep_15_2021"
"383","246","253","260","267","274",NA,NA,NA,NA,NA,NA,NA,NA,NA,NA,NA,NA,"PC_15.Fall.USA.2020_2020"
"384","261","268","275","282","289","296","303","309",NA,NA,NA,NA,NA,NA,NA,NA,NA,"SD_Grassland_Custer_County_1_2019"
"385","262","269","276","283","290","297","304","311","316",NA,NA,NA,NA,NA,NA,NA,NA,"SD_Grassland_Custer_County_20_02_2020"
"386","262","269","276","283","290","297","304","311","316",NA,NA,NA,NA,NA,NA,NA,NA,"SD_Grassland_Custer_County_20_03_2020"
"387","262","269","276","283","290","297","304","311","316",NA,NA,NA,NA,NA,NA,NA,NA,"SD_Grassland_Custer_County_20_04_2020"
"388","262","269","276","283","290","297","304","311","316",NA,NA,NA,NA,NA,NA,NA,NA,"SD_Grassland_Custer_County_20_05_2020"
"389","262","269","276","283","290","297","304","311","316",NA,NA,NA,NA,NA,NA,NA,NA,"SD_Grassland_Custer_County_20_06_2020"
"390","262","269","276","283","290","297","304","311","316",NA,NA,NA,NA,NA,NA,NA,NA,"SD_Grassland_Custer_County_20_07_2020"
"391","262","269","276","283","290","297","304","311","316",NA,NA,NA,NA,NA,NA,NA,NA,"SD_Grassland_Custer_County_20_08_2020"
"392","262","269","276","283","290","297","304","311","316",NA,NA,NA,NA,NA,NA,NA,NA,"SD_Grassland_Custer_County_20_09_2020"
"393","262","269","276","283","290","297","304","311","316",NA,NA,NA,NA,NA,NA,NA,NA,"SD_Grassland_Custer_County_20_10_2020"
"394","261","268","275","282","289","296","303","309",NA,NA,NA,NA,NA,NA,NA,NA,NA,"SD_Grassland_Custer_County_2_2019"
"395","261","268","275","282","289","296","303","309",NA,NA,NA,NA,NA,NA,NA,NA,NA,"SD_Grassland_Custer_County_4_2019"
"396","261","268","275","282","289","296","303","309",NA,NA,NA,NA,NA,NA,NA,NA,NA,"SD_Grassland_Custer_County_5_2019"
"397","261","268","275","282","289","296","303","309",NA,NA,NA,NA,NA,NA,NA,NA,NA,"SD_Grassland_Custer_County_6_2019"
"398","261","268","275","282","289","296","303","309",NA,NA,NA,NA,NA,NA,NA,NA,NA,"SD_Grassland_Custer_County_7_2019"
"399","261","268","275","282","289","296","303","309",NA,NA,NA,NA,NA,NA,NA,NA,NA,"SD_Grassland_Custer_County_8_2019"
"400","263","270","277","284",NA,NA,NA,NA,NA,NA,NA,NA,NA,NA,NA,NA,NA,"TX_Grassland_YoakumDunes_21_dep_01 09/16/2021_2021"
"401","262","269","276","283",NA,NA,NA,NA,NA,NA,NA,NA,NA,NA,NA,NA,NA,"TX_Grassland_YoakumDunes_21_dep_02 09/16/2021_2021"
"402","262","269","276","283",NA,NA,NA,NA,NA,NA,NA,NA,NA,NA,NA,NA,NA,"TX_Grassland_YoakumDunes_21_dep_04 09/16/2021_2021"
"403","262","269","276","283",NA,NA,NA,NA,NA,NA,NA,NA,NA,NA,NA,NA,NA,"TX_Grassland_YoakumDunes_21_dep_07 09/16/2021_2021"
"404","292","299","306","313",NA,NA,NA,NA,NA,NA,NA,NA,NA,NA,NA,NA,NA,"TX_Grassland_YoakumDunes_21_dep_08 09/16/2021_2021"
"405","262","269","276","283",NA,NA,NA,NA,NA,NA,NA,NA,NA,NA,NA,NA,NA,"TX_Grassland_YoakumDunes_21_dep_09 09/16/2021_2021"
"406","262","269","276","283",NA,NA,NA,NA,NA,NA,NA,NA,NA,NA,NA,NA,NA,"TX_Grassland_YoakumDunes_21_dep_10 09/16/2021_2021"
"407","274","281","288","295","302","309","316",NA,NA,NA,NA,NA,NA,NA,NA,NA,NA,"TX_Grassland_YoakumDunes_22_FT 09/28/2022_2022"
"408","274","281","288","295","302","309","316",NA,NA,NA,NA,NA,NA,NA,NA,NA,NA,"TX_Grassland_YoakumDunes_22_HT 09/28/2022_2022"
"409","274","281","288","295","302","308",NA,NA,NA,NA,NA,NA,NA,NA,NA,NA,NA,"TX_Grassland_YoakumDunes_22_MM 09/28/2022_2022"
"410","274","281","288","295","302","309","316",NA,NA,NA,NA,NA,NA,NA,NA,NA,NA,"TX_Grassland_YoakumDunes_22_MT 09/28/2022_2022"
"411","274","281","288","295","302","309",NA,NA,NA,NA,NA,NA,NA,NA,NA,NA,NA,"TX_Grassland_YoakumDunes_22_Pens 09/28/2022_2022"
"412","275","282","289","296","303","310","317",NA,NA,NA,NA,NA,NA,NA,NA,NA,NA,"TX_Grassland_YoakumDunes_22_SM 09/28/2022_2022"
"413","275","282","289","295",NA,NA,NA,NA,NA,NA,NA,NA,NA,NA,NA,NA,NA,"TX_Grassland_YoakumDunes_22_WT 09/28/2022_2022"
"414","275","282","289","296","303","310","316",NA,NA,NA,NA,NA,NA,NA,NA,NA,NA,"TX_Grassland_YoakumDunes_22_dep01 09/28/2022_2022"
"415","260","267","274","281","288","293",NA,NA,NA,NA,NA,NA,NA,NA,NA,NA,NA,"TX_Grassland_YoakumDunes_23_Bunkhouse 09/13/2023_2023"
"416","259","266","273","280","287","294","301",NA,NA,NA,NA,NA,NA,NA,NA,NA,NA,"TX_Grassland_YoakumDunes_23_EDT 09/13/2023_2023"
"417","259","266","273","280","287","294","301",NA,NA,NA,NA,NA,NA,NA,NA,NA,NA,"TX_Grassland_YoakumDunes_23_PigTrap 09/13/2023_2023"
"418","259","266","273","280","287","294","301",NA,NA,NA,NA,NA,NA,NA,NA,NA,NA,"TX_Grassland_YoakumDunes_23_WDT 09/13/2023_2023"
"419","247","254","261","268","275","282","289","296","302",NA,NA,NA,NA,NA,NA,NA,NA,"TX_Grassland_YoakumDunes_23_West 09/01/2023_2023"
"420","259","266","273","280","287","294",NA,NA,NA,NA,NA,NA,NA,NA,NA,NA,NA,"TX_Grassland_YoakumDunes_23_pens 09/13/2023_2023"
"421","238","245","252","259",NA,NA,NA,NA,NA,NA,NA,NA,NA,NA,NA,NA,NA,"UT_Forest_Wasatch_22_dep_12_2022"
"422","264","271","278","285",NA,NA,NA,NA,NA,NA,NA,NA,NA,NA,NA,NA,NA,"UT_Forest_Wasatch_22_dep_13_2022"
"423","229","236","243","250","257","264","271","278","285","292",NA,NA,NA,NA,NA,NA,NA,"UT_Forest_Wild_Wasatch_23_dep_12_2023"
"424","230","237","244","251","258","265","272","279","286","292",NA,NA,NA,NA,NA,NA,NA,"UT_Forest_Wild_Wasatch_23_dep_13_2023"
"425","234","241","248","255","262","269","276","283","290",NA,NA,NA,NA,NA,NA,NA,NA,"UT_Forest_Wild_Wasatch_23_dep_14_2023"
"426","260","267","274","281","288","295","300",NA,NA,NA,NA,NA,NA,NA,NA,NA,NA,"WY_Forest_Alexander_21_dep_01_2021"
"427","260","267","274","281","288","295","300",NA,NA,NA,NA,NA,NA,NA,NA,NA,NA,"WY_Forest_Alexander_21_dep_04_2021"
"428","259","266","273","280","287","294","300",NA,NA,NA,NA,NA,NA,NA,NA,NA,NA,"WY_Forest_Alexander_21_dep_11_2021"
"429","260","267","274","281","288","295","300",NA,NA,NA,NA,NA,NA,NA,NA,NA,NA,"WY_Forest_Alexander_21_dep_13_2021"
"430","258","265","272","279","286","293","299",NA,NA,NA,NA,NA,NA,NA,NA,NA,NA,"WY_Forest_Alexander_22_dep04_2022"
"431","258","265","272","279","286","293","299",NA,NA,NA,NA,NA,NA,NA,NA,NA,NA,"WY_Forest_Alexander_22_dep06_2022"
"432","259","266","273","280","287","294","300",NA,NA,NA,NA,NA,NA,NA,NA,NA,NA,"WY_Forest_Alexander_22_dep10_2022"
"433","259","266","273","280","287","294","300",NA,NA,NA,NA,NA,NA,NA,NA,NA,NA,"WY_Forest_Alexander_22_dep11_2022"
"434","259","266","273","280","287","294","300",NA,NA,NA,NA,NA,NA,NA,NA,NA,NA,"WY_Forest_Alexander_22_dep12_2022"
"435","258","265","272","279","286","293","299",NA,NA,NA,NA,NA,NA,NA,NA,NA,NA,"WY_Forest_Alexander_22_dep13_2022"
"436","251","258","265","272","279","286","291",NA,NA,NA,NA,NA,NA,NA,NA,NA,NA,"WY_Forest_Craighead_20_04_2020"
"437","257","264","271","278","285","292","299","306","311",NA,NA,NA,NA,NA,NA,NA,NA,"WY_Forest_Wild_Alexander_23_dep04_2023"
"438","259","266","273","280","287","294","301","306",NA,NA,NA,NA,NA,NA,NA,NA,NA,"WY_Forest_Wild_Alexander_23_dep08_2023"
"439","259","266","273","280","287","294","301","308","313",NA,NA,NA,NA,NA,NA,NA,NA,"WY_Forest_Wild_Alexander_23_dep10_2023"
"440","259","266","273","280","287","294","301","308","313",NA,NA,NA,NA,NA,NA,NA,NA,"WY_Forest_Wild_Alexander_23_dep11_2023"
"441","259","266","273","280","287","294","301","308","313",NA,NA,NA,NA,NA,NA,NA,NA,"WY_Forest_Wild_Alexander_23_dep12_2023"
"442","257","264","271","278","285","292","299","306","311",NA,NA,NA,NA,NA,NA,NA,NA,"WY_Forest_Wild_Alexander_23_dep13_2023"
"443","253","260","267","274","281","286",NA,NA,NA,NA,NA,NA,NA,NA,NA,NA,NA,"WY_Grassland_Carbon_County_10_2019"
"444","253","260","267","274","281","288","295","302","309","314",NA,NA,NA,NA,NA,NA,NA,"WY_Grassland_Carbon_County_1_2019"
"445","260","267","274","281","288","295","302","309",NA,NA,NA,NA,NA,NA,NA,NA,NA,"WY_Grassland_Carbon_County_20_01_2020"
"446","260","267","274","281","288","295","302","309",NA,NA,NA,NA,NA,NA,NA,NA,NA,"WY_Grassland_Carbon_County_20_02_2020"
"447","260","267","274","281","288","295","302","309",NA,NA,NA,NA,NA,NA,NA,NA,NA,"WY_Grassland_Carbon_County_20_03_2020"
"448","260","267","274","281","288","295","302","309",NA,NA,NA,NA,NA,NA,NA,NA,NA,"WY_Grassland_Carbon_County_20_04_2020"
"449","260","267","274","281","288","295","302","309",NA,NA,NA,NA,NA,NA,NA,NA,NA,"WY_Grassland_Carbon_County_20_06_2020"
"450","260","267","274","281","288","295","302","309",NA,NA,NA,NA,NA,NA,NA,NA,NA,"WY_Grassland_Carbon_County_20_07_2020"
"451","260","267","274","281","288","295","302","309",NA,NA,NA,NA,NA,NA,NA,NA,NA,"WY_Grassland_Carbon_County_20_08_2020"
"452","260","267","274","281","288","295","302","308",NA,NA,NA,NA,NA,NA,NA,NA,NA,"WY_Grassland_Carbon_County_20_10_2020"
"453","253","260","267","274","281","288","295","302","309","314",NA,NA,NA,NA,NA,NA,NA,"WY_Grassland_Carbon_County_2_2019"
"454","253","260","267","274","281","288","295","302","309","314",NA,NA,NA,NA,NA,NA,NA,"WY_Grassland_Carbon_County_3_2019"
"455","253","260","267","274","281","288","295","302","309","314",NA,NA,NA,NA,NA,NA,NA,"WY_Grassland_Carbon_County_4_2019"
"456","253","260","267","274","281","288","295","302","309","314",NA,NA,NA,NA,NA,NA,NA,"WY_Grassland_Carbon_County_5_2019"
"457","254","261","268","275","282","289","296","303","310",NA,NA,NA,NA,NA,NA,NA,NA,"WY_Grassland_Carbon_County_8_2019"
"458","248","255","262","269","276","283","290","296",NA,NA,NA,NA,NA,NA,NA,NA,NA,"WY_Grassland_Wild_Baggs_23_Location11_2023"
"459","248","255","262","269","276","283","290","296",NA,NA,NA,NA,NA,NA,NA,NA,NA,"WY_Grassland_Wild_Baggs_23_Location13_2023"
"460","248","255","262","269","276","283","290","296",NA,NA,NA,NA,NA,NA,NA,NA,NA,"WY_Grassland_Wild_Baggs_23_Location14_2023"
"461","248","255","262","269","276","283","290","296",NA,NA,NA,NA,NA,NA,NA,NA,NA,"WY_Grassland_Wild_Baggs_23_Location15_2023"
"462","248","255","262","269","276","283","290",NA,NA,NA,NA,NA,NA,NA,NA,NA,NA,"WY_Grassland_Wild_Baggs_23_Location2_2023"
"463","248","255","262","269","276","283","290",NA,NA,NA,NA,NA,NA,NA,NA,NA,NA,"WY_Grassland_Wild_Baggs_23_Location3_2023"
"464","248","255","262","269","276","283","290","296",NA,NA,NA,NA,NA,NA,NA,NA,NA,"WY_Grassland_Wild_Baggs_23_Location9_2023"
"465","260","267","274","281","288","293",NA,NA,NA,NA,NA,NA,NA,NA,NA,NA,NA,"WY_Grassland_Wuensch_22_001_2022"
"466","260","267","274","281","288","293",NA,NA,NA,NA,NA,NA,NA,NA,NA,NA,NA,"WY_Grassland_Wuensch_22_002_2022"
"467","260","267","274","281","288","293",NA,NA,NA,NA,NA,NA,NA,NA,NA,NA,NA,"WY_Grassland_Wuensch_22_004_2022"
"468","263","270","277","284","291",NA,NA,NA,NA,NA,NA,NA,NA,NA,NA,NA,NA,"WY_Grassland_Wuensch_22_005_2022"
"469","260","267","274","281","288","293",NA,NA,NA,NA,NA,NA,NA,NA,NA,NA,NA,"WY_Grassland_Wuensch_22_006_2022"
"470","260","267","274","281","288","293",NA,NA,NA,NA,NA,NA,NA,NA,NA,NA,NA,"WY_Grassland_Wuensch_22_007_2022"
"471","260","267","274","281","288","293",NA,NA,NA,NA,NA,NA,NA,NA,NA,NA,NA,"WY_Grassland_Wuensch_22_009_2022"
"472","260","267","274","281","288","293",NA,NA,NA,NA,NA,NA,NA,NA,NA,NA,NA,"WY_Grassland_Wuensch_22_010_2022"
"473","260","267","274","281","288","293",NA,NA,NA,NA,NA,NA,NA,NA,NA,NA,NA,"WY_Grassland_Wuensch_22_012_2022"
"474","260","267","274","281","288","293",NA,NA,NA,NA,NA,NA,NA,NA,NA,NA,NA,"WY_Grassland_Wuensch_22_013_2022"
"475","260","267","274","281","288","293",NA,NA,NA,NA,NA,NA,NA,NA,NA,NA,NA,"WY_Grassland_Wuensch_22_032_2022"
"476","260","267","274","281","288","293",NA,NA,NA,NA,NA,NA,NA,NA,NA,NA,NA,"WY_Grassland_Wuensch_22_033_2022"
"477","260","267","274","281","288","293",NA,NA,NA,NA,NA,NA,NA,NA,NA,NA,NA,"WY_Grassland_Wuensch_22_034_2022"
"478","260","267","274","281","288","293",NA,NA,NA,NA,NA,NA,NA,NA,NA,NA,NA,"WY_Grassland_Wuensch_22_035_2022"
"479","257","264","271","278","285","292","299","305",NA,NA,NA,NA,NA,NA,NA,NA,NA,"WY_grassland_wild_Baggs_22_Deployment10_2022"
"480","257","264","271","278","285","292","299","305",NA,NA,NA,NA,NA,NA,NA,NA,NA,"WY_grassland_wild_Baggs_22_Deployment11_2022"
"481","257","264","271","278","285","292","299","305",NA,NA,NA,NA,NA,NA,NA,NA,NA,"WY_grassland_wild_Baggs_22_Deployment15_2022"
"482","257","264","271","278","285","292","299","305",NA,NA,NA,NA,NA,NA,NA,NA,NA,"WY_grassland_wild_Baggs_22_Deployment1_2022"
"483","257","264","271","278","285","292","299","305",NA,NA,NA,NA,NA,NA,NA,NA,NA,"WY_grassland_wild_Baggs_22_Deployment3_2022"
"484","257","264","271","278","285","292","299","305",NA,NA,NA,NA,NA,NA,NA,NA,NA,"WY_grassland_wild_Baggs_22_Deployment5_2022"
"485","257","264","271","278","285","292","299","305",NA,NA,NA,NA,NA,NA,NA,NA,NA,"WY_grassland_wild_Baggs_22_Deployment6_2022"
"486","257","264","271","278","285","292","299","305",NA,NA,NA,NA,NA,NA,NA,NA,NA,"WY_grassland_wild_Baggs_22_Deployment9_2022"
