"","V1","V2","V3","V4","V5","V6","V7","V8","V9","V10","V11","V12","V13","V14","Site"
"1","233","240","247","254","261","268","275","282","289","296","303","310","315",NA,"AZ_Desert_BC1_dep1_2022"
"2","257","264","271","278","285","292","298",NA,NA,NA,NA,NA,NA,NA,"AZ_Desert_LP7_dep1_2022"
"3","241","248","255","262","269","276","283","290",NA,NA,NA,NA,NA,NA,"AZ_Desert_McDowell_Sonoran_Preserve_10_2019"
"4","241","248","255","262","269","276","283","290",NA,NA,NA,NA,NA,NA,"AZ_Desert_McDowell_Sonoran_Preserve_1_2019"
"5","257","264","271","278","285","292","298",NA,NA,NA,NA,NA,NA,NA,"AZ_Desert_McDowell_Sonoran_Preserve_20_01_2020"
"6","258","265","272","279","286","293","299",NA,NA,NA,NA,NA,NA,NA,"AZ_Desert_McDowell_Sonoran_Preserve_20_02_2020"
"7","257","264","271","278","285","292","298",NA,NA,NA,NA,NA,NA,NA,"AZ_Desert_McDowell_Sonoran_Preserve_20_03_2020"
"8","257","264","271","278","285","292","298",NA,NA,NA,NA,NA,NA,NA,"AZ_Desert_McDowell_Sonoran_Preserve_20_04_2020"
"9","257","264","271","278","285","292","298",NA,NA,NA,NA,NA,NA,NA,"AZ_Desert_McDowell_Sonoran_Preserve_20_05_2020"
"10","257","264","271","278","285","292","298",NA,NA,NA,NA,NA,NA,NA,"AZ_Desert_McDowell_Sonoran_Preserve_20_06_2020"
"11","258","265","272","279","286","293","299",NA,NA,NA,NA,NA,NA,NA,"AZ_Desert_McDowell_Sonoran_Preserve_20_07_2020"
"12","258","265","272","279","286","293","299",NA,NA,NA,NA,NA,NA,NA,"AZ_Desert_McDowell_Sonoran_Preserve_20_08_2020"
"13","257","264","271","278","285","292",NA,NA,NA,NA,NA,NA,NA,NA,"AZ_Desert_McDowell_Sonoran_Preserve_20_10_2020"
"14","258","265","272","279","286","293","299",NA,NA,NA,NA,NA,NA,NA,"AZ_Desert_McDowell_Sonoran_Preserve_20_11_2020"
"15","241","248","255","262","269","276","283","290",NA,NA,NA,NA,NA,NA,"AZ_Desert_McDowell_Sonoran_Preserve_3_2019"
"16","241","248","255","262","269","276","283","290",NA,NA,NA,NA,NA,NA,"AZ_Desert_McDowell_Sonoran_Preserve_4_2019"
"17","241","248","255","262","269","276","283","290",NA,NA,NA,NA,NA,NA,"AZ_Desert_McDowell_Sonoran_Preserve_5_2019"
"18","276","283","290",NA,NA,NA,NA,NA,NA,NA,NA,NA,NA,NA,"AZ_Desert_McDowell_Sonoran_Preserve_6_2019"
"19","244","251","258","265","272","279","286","293","300","307","312",NA,NA,NA,"AZ_Desert_Res2_dep1_2022"
"20","259","266","273","280","287","294","299",NA,NA,NA,NA,NA,NA,NA,"AZ_Desert_Res5_dep1_2022"
"21","238","245","252","259","266","273","280","287","294","301","308",NA,NA,NA,"AZ_Desert_SB3_dep1_2022"
"22","247","254","261","268","275","282","289","296","303","310","317","323",NA,NA,"AZ_Desert_Sonoran_22_DEER 09/01/2022_2022"
"23","300","305",NA,NA,NA,NA,NA,NA,NA,NA,NA,NA,NA,NA,"AZ_Desert_Sonoran_22_DOVE 10/24/2022_2022"
"24","233","240","247","254","261","268","275","282","289","296","303","310",NA,NA,"AZ_Desert_Sonoran_22_MALLOW 08/18/2022_2022"
"25","260","267",NA,NA,NA,NA,NA,NA,NA,NA,NA,NA,NA,NA,"AZ_Desert_Sonoran_22_Mallow_10-01_2022"
"26","228","235","242","247",NA,NA,NA,NA,NA,NA,NA,NA,NA,NA,"AZ_Desert_Sonoran_22_OWL_09-04_2022"
"27","279","286","293","300","307","312",NA,NA,NA,NA,NA,NA,NA,NA,"AZ_Desert_Sonoran_22_SNIBBY 10/03/2022_2022"
"28","304","311","318","325","332",NA,NA,NA,NA,NA,NA,NA,NA,NA,"AZ_Desert_Sonoran_22_THRASHER_2022"
"29","242","249","256","263",NA,NA,NA,NA,NA,NA,NA,NA,NA,NA,"AZ_Desert_Sonoran_23_DAVID_09-23-2023_2023"
"30","262","269","276","283","290","297","304","311",NA,NA,NA,NA,NA,NA,"AZ_Desert_Sonoran_23_DEER_11-11-2023_2023"
"31","235","242","249","256","263","270","277","284","291","298",NA,NA,NA,NA,"AZ_Desert_Sonoran_23_DOVE_10-29-2023_2023"
"32","253","260","267","274","281","288","295","302","309","315",NA,NA,NA,NA,"AZ_Desert_Tucson_AC2_dep1_2022"
"33","253","260","267","274","281","288","295","302","309","315",NA,NA,NA,NA,"AZ_Desert_Tucson_AC3_depl1_2022"
"34","253","260","267","274","281","288","295","302",NA,NA,NA,NA,NA,NA,"AZ_Desert_Tucson_AC4_dep1_2022"
"35","259","266","273","280","287","294","301","308","315","322","327",NA,NA,NA,"AZ_Desert_Tucson_Res3_dep1_2022"
"36","221","228","235","242","249","255",NA,NA,NA,NA,NA,NA,NA,NA,"AZ_Forest_1001_20220718_2022"
"37","262","269","276","283","290","297","304","311",NA,NA,NA,NA,NA,NA,"AZ_Forest_Rural_SRER2_2023_10_2023"
"38","262","269","276","283","290","297","304","311",NA,NA,NA,NA,NA,NA,"AZ_Forest_Rural_SRER2_2023_11_2023"
"39","262","269","276","283","290","297","304","311",NA,NA,NA,NA,NA,NA,"AZ_Forest_Rural_SRER2_2023_12_2023"
"40","262","269","276","283","290","297","304","311",NA,NA,NA,NA,NA,NA,"AZ_Forest_Rural_SRER2_2023_13_2023"
"41","262","269","276","283","290","297","304","311",NA,NA,NA,NA,NA,NA,"AZ_Forest_Rural_SRER2_2023_15_2023"
"42","280","287","294","301","308","313",NA,NA,NA,NA,NA,NA,NA,NA,"AZ_Forest_Rural_SRER2_2023_16_2023"
"43","262","268",NA,NA,NA,NA,NA,NA,NA,NA,NA,NA,NA,NA,"AZ_Forest_Rural_SRER2_2023_17_2023"
"44","262","269","276","283","290","297","304","311",NA,NA,NA,NA,NA,NA,"AZ_Forest_Rural_SRER2_2023_18_2023"
"45","262","269","276","283","290","297","304","311",NA,NA,NA,NA,NA,NA,"AZ_Forest_Rural_SRER2_2023_19_2023"
"46","255","262","269","276","283","290","297","304","311","318","323",NA,NA,NA,"AZ_Forest_Wild_NAU_Loc1 09/09/2023_2023"
"47","255","262","269","276","283","290","297","304","311","318",NA,NA,NA,NA,"AZ_Forest_Wild_NAU_Loc2 09/09/2023_2023"
"48","255","262","269","276","283","290","297","304","311","318","323",NA,NA,NA,"AZ_Forest_Wild_NAU_Loc3_REAL 09/09/2023_2023"
"49","255","262","269","276","283","290","297","304","311","318","323",NA,NA,NA,"AZ_Forest_Wild_NAU_Loc4 09/09/2023_2023"
"50","255","262","269","276","283","290","297","304","311","318","323",NA,NA,NA,"AZ_Forest_Wild_NAU_Loc5 09/09/2023_2023"
"51","255","262","269","276","283","290","297","304","311","318","323",NA,NA,NA,"AZ_Forest_Wild_NAU_Loc6 09/09/2023_2023"
"52","255","262","269","276","283",NA,NA,NA,NA,NA,NA,NA,NA,NA,"AZ_Forest_Wild_NAU_Loc7 09/09/2023_2023"
"53","255","262","269","276","283","290","297","304","311","318","323",NA,NA,NA,"AZ_Forest_Wild_NAU_Loc8 09/09/2023_2023"
"54","276","283","290","297","304","311","318","323",NA,NA,NA,NA,NA,NA,"AZ_Forest_Wild_NAU_Loc9_09.30.23_2023"
"55","251","258","265","272","279","286","293","300","307","314","321",NA,NA,NA,"AZ_Grassland_Cienega_10_2019"
"56","250","257","264","271","278","285","292","299","306","313","320",NA,NA,NA,"AZ_Grassland_Cienega_16_2019"
"57","260","267","274","281","288","295","302","309","316","323",NA,NA,NA,NA,"AZ_Grassland_Cienega_17_2019"
"58","251","258","265","272","279","286","293","300","307","314","321",NA,NA,NA,"AZ_Grassland_Cienega_1_2019"
"59","262","269","276","283","288",NA,NA,NA,NA,NA,NA,NA,NA,NA,"AZ_Grassland_Rural_SRER1_2023_1_2023"
"60","262","269","276","283",NA,NA,NA,NA,NA,NA,NA,NA,NA,NA,"AZ_Grassland_Rural_SRER1_2023_2_2023"
"61","262","269","276","283","290","297","302",NA,NA,NA,NA,NA,NA,NA,"AZ_Grassland_Rural_SRER1_2023_3_2023"
"62","262","269","275",NA,NA,NA,NA,NA,NA,NA,NA,NA,NA,NA,"AZ_Grassland_Rural_SRER1_2023_4_2023"
"63","262","267",NA,NA,NA,NA,NA,NA,NA,NA,NA,NA,NA,NA,"AZ_Grassland_Rural_SRER1_2023_5_2023"
"64","262","269","276","283","290","297","304","311",NA,NA,NA,NA,NA,NA,"AZ_Grassland_Rural_SRER1_2023_8_2023"
"65","262","269",NA,NA,NA,NA,NA,NA,NA,NA,NA,NA,NA,NA,"AZ_Grassland_Rural_SRER1_2023_9_2023"
"66","246","253","260","267","274","281","288","295","302","309",NA,NA,NA,NA,"BAC.AROW_Rec007_Mem088.20190831_2019"
"67","246","253","260","267","274","281","288","295","302","309",NA,NA,NA,NA,"BAC.AROW_Rec054_Mem014.20190831_2019"
"68","247","254","261","268","275","282","289","296","303","308",NA,NA,NA,NA,"BAC.AROW_Rec055_Mem045.20190901_2019"
"69","234","241","248","255","262","269","276","283","290","296",NA,NA,NA,NA,"BAC.BLCH_Rec016_Mem078.20190819_2019"
"70","234","241","248","255","262","269","276","283","290","296",NA,NA,NA,NA,"BAC.BLCH_Rec037_Mem041.20190819_2019"
"71","245","252","259","266","273","280","287","294","301","308",NA,NA,NA,NA,"BAC.HMSA_Rec009_Mem102.20190830_2019"
"72","246","253","259",NA,NA,NA,NA,NA,NA,NA,NA,NA,NA,NA,"BAC.HMSA_Rec062_Mem051.20190831_2019"
"73","232","239","246","253","260","267","274","279",NA,NA,NA,NA,NA,NA,"BAC.MSLA_Bro001_Mem117.20190729_2019"
"74","288","295","302","309","316","322",NA,NA,NA,NA,NA,NA,NA,NA,"BAC.MSLA_Bro002_Mem186.20191012_2019"
"75","288","295","302","309","316","322",NA,NA,NA,NA,NA,NA,NA,NA,"BAC.MSLA_Bro024_Mem174.20191012_2019"
"76","288","295","302","309","316","322",NA,NA,NA,NA,NA,NA,NA,NA,"BAC.MSLA_Bro026_Mem139.20191012_2019"
"77","232","239","246","253","260","267","274","279",NA,NA,NA,NA,NA,NA,"BAC.MSLA_Bro039_Mem189.20190718_2019"
"78","235","242","249","256","263","270","277","284","291","298","305","312","319","324","BAC.MSLA_Bro046_Mem150.20190820_2019"
"79","256","263","270","277","284","291","298","305","312","317",NA,NA,NA,NA,"BAC.MSLA_Bro052_Mem147.20190910_2019"
"80","233","240","247","254","261","268","275","282",NA,NA,NA,NA,NA,NA,"BAC.MSLA_Bro055_Mem187.20190818_2019"
"81","282","289","296","303","310","317",NA,NA,NA,NA,NA,NA,NA,NA,"BAC.MSLA_Bro067_Mem159.20191006_2019"
"82","245","252","259","266","273","280","287","294","301","308",NA,NA,NA,NA,"BAC.TRMR_Bro033_Mem172.20190830_2019"
"83","245","252","259","266","273","280","287","294","301","308",NA,NA,NA,NA,"BAC.TRMR_Bro040_Mem217.20190830_2019"
"84","245","252","259","266","273","280","287","294","301","308",NA,NA,NA,NA,"BAC.TRMR_Bro043_Mem148.20190830_2019"
"85","247",NA,NA,NA,NA,NA,NA,NA,NA,NA,NA,NA,NA,NA,"BAC.TRMR_Rec001_Mem037.20200831_2020"
"86","238","245","252","259","266","273","280","287","294",NA,NA,NA,NA,NA,"BAC.TRMR_Rec001_Mem174.20210530_2021"
"87","248","255","262","269","276","283","290","297","304",NA,NA,NA,NA,NA,"BAC.TRMR_Rec002_Mem049.20200901_2020"
"88","247","254","261","268","275","282","289","296","303",NA,NA,NA,NA,NA,"BAC.TRMR_Rec010_Mem073.20200831_2020"
"89","247","254","261","268","275","282","289","296","303",NA,NA,NA,NA,NA,"BAC.TRMR_Rec017_Mem098.20200831_2020"
"90","247","254","261","268","275","282","289","296","303",NA,NA,NA,NA,NA,"BAC.TRMR_Rec018_Mem030.20200831_2020"
"91","247","254","261","268","275","282","289","296","303",NA,NA,NA,NA,NA,"BAC.TRMR_Rec027_Mem110.20200831_2020"
"92","248","255","262","269","276","283","290","297","304",NA,NA,NA,NA,NA,"BAC.TRMR_Rec037_Mem087.20200901_2020"
"93","247","254","261","268","275","282","289","296","303",NA,NA,NA,NA,NA,"BAC.TRMR_Rec039_Mem094.20200831_2020"
"94","238","245","252","259","266","273","280","287","294",NA,NA,NA,NA,NA,"BAC.TRMR_Rec040_Mem151.20210529_2021"
"95","248","255","262","269","276","283","290","297","304",NA,NA,NA,NA,NA,"BAC.TRMR_Rec042_Mem088.20200901_2020"
"96","248","255","262","269","276","283","290","297","304",NA,NA,NA,NA,NA,"BAC.TRMR_Rec046_Mem107.20200901_2020"
"97","247","254","261","268","275","282","289","296","303",NA,NA,NA,NA,NA,"BAC.TRMR_Rec048_Mem093.20200831_2020"
"98","248","255","262","269","276","283","290","297","304",NA,NA,NA,NA,NA,"BAC.TRMR_Rec052_Mem038.20200901_2020"
"99","248","255","262","269","276","283","290","297","304",NA,NA,NA,NA,NA,"BAC.TRMR_Rec060_Mem083.20200901_2020"
"100","250","257","264","271","278","285","292","299",NA,NA,NA,NA,NA,NA,"Baggs_Wild_Grasslands_21_dep_01_2021"
"101","250","257","264","271","278",NA,NA,NA,NA,NA,NA,NA,NA,NA,"Baggs_Wild_Grasslands_21_dep_01_USE_2021"
"102","250","257","264","271","278","285","292","299","304",NA,NA,NA,NA,NA,"Baggs_Wild_Grasslands_21_dep_02_USE_2021"
"103","250","257","264","271","278","285","292","299","304",NA,NA,NA,NA,NA,"Baggs_Wild_Grasslands_21_dep_03_USE_2021"
"104","250","257","264","271","278","285","292","299","304",NA,NA,NA,NA,NA,"Baggs_Wild_Grasslands_21_dep_05_USE_2021"
"105","250","257","264","271","278","285","292","299","304",NA,NA,NA,NA,NA,"Baggs_Wild_Grasslands_21_dep_06_USE_2021"
"106","250","257","264","271","278","285","292","299","304",NA,NA,NA,NA,NA,"Baggs_Wild_Grasslands_21_dep_08_2021"
"107","250","257","264","271","278",NA,NA,NA,NA,NA,NA,NA,NA,NA,"Baggs_Wild_Grasslands_21_dep_10_2021"
"108","261","268","275","282","289",NA,NA,NA,NA,NA,NA,NA,NA,NA,"ID_Forest_Galena_1_2019"
"109","261","268","275","282","289","295",NA,NA,NA,NA,NA,NA,NA,NA,"ID_Forest_Galena_4_2019"
"110","261","268","275","282","289",NA,NA,NA,NA,NA,NA,NA,NA,NA,"ID_Forest_Galena_5_2019"
"111","247","254","261","268","275","282","288",NA,NA,NA,NA,NA,NA,NA,"ID_Forest_Galena_6_2019"
"112","247","254","261","268","275","282","289","295",NA,NA,NA,NA,NA,NA,"ID_Forest_Hailey_1_2019"
"113","247","254","261","268","275","282","289","295",NA,NA,NA,NA,NA,NA,"ID_Forest_Hailey_2_2019"
"114","247","254","261","268","275","282","288",NA,NA,NA,NA,NA,NA,NA,"ID_Forest_Hailey_4_2019"
"115","247","254","261","268","275","282","288",NA,NA,NA,NA,NA,NA,NA,"ID_Forest_Hailey_5_2019"
"116","247","254","261","268",NA,NA,NA,NA,NA,NA,NA,NA,NA,NA,"ID_Forest_Hailey_6_2019"
"117","247","254","261","268","275","282","289","295",NA,NA,NA,NA,NA,NA,"ID_Forest_Hailey_7_2019"
"118","247","254","261","268","275","282","289","295",NA,NA,NA,NA,NA,NA,"ID_Forest_Hailey_8_2019"
"119","247","254","261","268","275","282","288",NA,NA,NA,NA,NA,NA,NA,"ID_Forest_Hailey_9_2019"
"120","250","257","264","271","278","285","292","299",NA,NA,NA,NA,NA,NA,"ID_Forest_Rachlow_UIEF_22_04_01_2022"
"121","250","257","264","271","278","285","292","299",NA,NA,NA,NA,NA,NA,"ID_Forest_Rachlow_UIEF_22_07_01_2022"
"122","250","257","264","271","278","285","292","299",NA,NA,NA,NA,NA,NA,"ID_Forest_Rachlow_UIEF_22_09_01_2022"
"123","250","257","264","271","278","285","292","299",NA,NA,NA,NA,NA,NA,"ID_Forest_Rachlow_UIEF_22_11_01_2022"
"124","250","257","264","271","278","285","292","299",NA,NA,NA,NA,NA,NA,"ID_Forest_Rachlow_UIEF_22_15_01_2022"
"125","250","257","264","271","278","285","292","299",NA,NA,NA,NA,NA,NA,"ID_Forest_Rachlow_UIEF_22_17_01_2022"
"126","250",NA,NA,NA,NA,NA,NA,NA,NA,NA,NA,NA,NA,NA,"ID_Forest_Rachlow_UIEF_22_33_01_2022"
"127","250","257","264","271","278","285","292","299",NA,NA,NA,NA,NA,NA,"ID_Forest_Rachlow_UIEF_22_39_01_2022"
"128","250","257","264","271","278","285","292","299",NA,NA,NA,NA,NA,NA,"ID_Forest_Rachlow_UIEF_22_55_01_2022"
"129","243","250","257","264","271","278","285","292",NA,NA,NA,NA,NA,NA,"ID_Forest_Rural_Rachlow_23_13_2023"
"130","244","251","258","265","272","279","286","293",NA,NA,NA,NA,NA,NA,"ID_Forest_Rural_Rachlow_23_15_2023"
"131","244","251","258","265","272","279","286","293",NA,NA,NA,NA,NA,NA,"ID_Forest_Rural_Rachlow_23_16_2023"
"132","243","250","257","264","271","278","285","292",NA,NA,NA,NA,NA,NA,"ID_Forest_Rural_Rachlow_23_18_2023"
"133","243","250","257","264","271","278","285","292",NA,NA,NA,NA,NA,NA,"ID_Forest_Rural_Rachlow_23_19_2023"
"134","244","251","258","265","272","279","286","293",NA,NA,NA,NA,NA,NA,"ID_Forest_Rural_Rachlow_23_2_2023"
"135","243","250","256",NA,NA,NA,NA,NA,NA,NA,NA,NA,NA,NA,"ID_Forest_Rural_Rachlow_23_35_2023"
"136","243","250","257","264","271","278","285","292",NA,NA,NA,NA,NA,NA,"ID_Forest_Rural_Rachlow_23_36_2023"
"137","243","250","257","264","271","278","285","292",NA,NA,NA,NA,NA,NA,"ID_Forest_Rural_Rachlow_23_3_2023"
"138","243","250","257","264","271","278","285","292",NA,NA,NA,NA,NA,NA,"ID_Forest_Rural_Rachlow_23_43_2023"
"139","243",NA,NA,NA,NA,NA,NA,NA,NA,NA,NA,NA,NA,NA,"ID_Forest_Rural_Rachlow_23_44_2023"
"140","244","251","258","265","272","279","286","293",NA,NA,NA,NA,NA,NA,"ID_Forest_Rural_Rachlow_23_45_2023"
"141","243","250","257","264","271","278","285","292",NA,NA,NA,NA,NA,NA,"ID_Forest_Rural_Rachlow_23_46_2023"
"142","243","250","257","264","271","278","285","292",NA,NA,NA,NA,NA,NA,"ID_Forest_Rural_Rachlow_23_54_2023"
"143","243","250","257","264","271","278","285","292",NA,NA,NA,NA,NA,NA,"ID_Forest_Rural_Rachlow_23_55_2023"
"144","244","251","258","265","272","279","286","293","300",NA,NA,NA,NA,NA,"ID_Forest_Rural_Rachlow_23_5_2023"
"145","247","254","261","268","275","282","288",NA,NA,NA,NA,NA,NA,NA,"ID_Forest_Sun_Valley_10_2019"
"146","247","254","261","268","275","282","289","294",NA,NA,NA,NA,NA,NA,"ID_Forest_Sun_Valley_11_2019"
"147","247","254","261","268","275","282","289",NA,NA,NA,NA,NA,NA,NA,"ID_Forest_Sun_Valley_1_2019"
"148","249","256","263","270","277","284","291","297",NA,NA,NA,NA,NA,NA,"ID_Forest_Sun_Valley_4_2019"
"149","247","254","261","268","275","282","288",NA,NA,NA,NA,NA,NA,NA,"ID_Forest_Sun_Valley_5_2019"
"150","247","254","261","268","275","282","289",NA,NA,NA,NA,NA,NA,NA,"ID_Forest_Sun_Valley_6_2019"
"151","263","270","277","284","291","298","305",NA,NA,NA,NA,NA,NA,NA,"MT_Forest_Hebblewhite_22_03_JM1_01_2022"
"152","310","317","324","331","338","345","351",NA,NA,NA,NA,NA,NA,NA,"MT_Forest_Hebblewhite_22_03_JM1_02_2022"
"153","263","270","277","284","291","298","305",NA,NA,NA,NA,NA,NA,NA,"MT_Forest_Hebblewhite_22_04_JM3_01_2022"
"154","310","317","324","331","338","345","351",NA,NA,NA,NA,NA,NA,NA,"MT_Forest_Hebblewhite_22_04_JM3_02_2022"
"155","263","270","277","284","291","298","304",NA,NA,NA,NA,NA,NA,NA,"MT_Forest_Hebblewhite_22_05_JM11_01_2022"
"156","308","315","322","329","336","343","350",NA,NA,NA,NA,NA,NA,NA,"MT_Forest_Hebblewhite_22_05_JM11_02_2022"
"157","269","276","283","290","297","304",NA,NA,NA,NA,NA,NA,NA,NA,"MT_Forest_Hebblewhite_22_07_LC_WT_2022"
"158","270","277","284","291","298","304",NA,NA,NA,NA,NA,NA,NA,NA,"MT_Forest_Hebblewhite_22_09_JM6_01_2022"
"159","263","270","277","284","291","298","305",NA,NA,NA,NA,NA,NA,NA,"MT_Forest_Hebblewhite_22_10_JM4_01_2022"
"160","270","277","284","291","298","304",NA,NA,NA,NA,NA,NA,NA,NA,"MT_Forest_Hebblewhite_22_10_R7_01_2022"
"161","269","276","283","290","297","304",NA,NA,NA,NA,NA,NA,NA,NA,"MT_Forest_Hebblewhite_22_12b_LC_HR_2022"
"162","308","315","322","329","336","343","349",NA,NA,NA,NA,NA,NA,NA,"MT_Forest_Hebblewhite_22_13_R5_02_2022"
"163","270","277","284","291","298","304",NA,NA,NA,NA,NA,NA,NA,NA,"MT_Forest_Hebblewhite_22_14_H5_01_2022"
"164","308","315","322","329","335",NA,NA,NA,NA,NA,NA,NA,NA,NA,"MT_Forest_Hebblewhite_22_14_H5_02_2022"
"165","266","273","280","287","292",NA,NA,NA,NA,NA,NA,NA,NA,NA,"MT_Forest_Hebblewhite_22_14b_H3_01_2022"
"166","295","302","309","316","323","330","337",NA,NA,NA,NA,NA,NA,NA,"MT_Forest_Hebblewhite_22_14b_H3_02_2022"
"167","270","277","284","291","298","304",NA,NA,NA,NA,NA,NA,NA,NA,"MT_Forest_Hebblewhite_22_15_JM7_01_2022"
"168","308","315","322","329","336","343","350",NA,NA,NA,NA,NA,NA,NA,"MT_Forest_Hebblewhite_22_15_JM7_02_2022"
"169","263","270","277","284","291","298","305",NA,NA,NA,NA,NA,NA,NA,"MT_Forest_Hebblewhite_22_16_JM10_01_2022"
"170","310","317","324","331","337",NA,NA,NA,NA,NA,NA,NA,NA,NA,"MT_Forest_Hebblewhite_22_16_JM10_02_2022"
"171","281","288",NA,NA,NA,NA,NA,NA,NA,NA,NA,NA,NA,NA,"MT_Forest_Hebblewhite_22_19_JM5_01_2022"
"172","266","273","280","287","294","301",NA,NA,NA,NA,NA,NA,NA,NA,"MT_Forest_Hebblewhite_22_20_R8_01_2022"
"173","308","315","322","329","336","343","350",NA,NA,NA,NA,NA,NA,NA,"MT_Forest_Hebblewhite_22_20_R8_02_2022"
"174","266","273","280","287","294","301",NA,NA,NA,NA,NA,NA,NA,NA,"MT_Forest_Hebblewhite_22_21_R3_01_2022"
"175","308","315","322","329","336","343","350",NA,NA,NA,NA,NA,NA,NA,"MT_Forest_Hebblewhite_22_21_R3_02_2022"
"176","266","273","280","287","294","301",NA,NA,NA,NA,NA,NA,NA,NA,"MT_Forest_Hebblewhite_22_22_R4_01_2022"
"177","308","315","322","329","336","343","350",NA,NA,NA,NA,NA,NA,NA,"MT_Forest_Hebblewhite_22_22_R4_02_2022"
"178","266","273","280","287","294","301",NA,NA,NA,NA,NA,NA,NA,NA,"MT_Forest_Hebblewhite_22_22b_R6_01_2022"
"179","266","273","280","287","294","301",NA,NA,NA,NA,NA,NA,NA,NA,"MT_Forest_Hebblewhite_22_23_R1_01_2022"
"180","266","273","280","287","294","301",NA,NA,NA,NA,NA,NA,NA,NA,"MT_Forest_Hebblewhite_22_23b_R2_01_2022"
"181","308","315","322","329","336","343","349",NA,NA,NA,NA,NA,NA,NA,"MT_Forest_Hebblewhite_22_23b_R2_02_2022"
"182","267","274","281","288",NA,NA,NA,NA,NA,NA,NA,NA,NA,NA,"MT_Forest_Hebblewhite_22_24_JM8_01_2022"
"183","295","302","309","316","323","330","337","344","349",NA,NA,NA,NA,NA,"MT_Forest_Hebblewhite_22_24_JM8_02_2022"
"184","252","259","266","273","280","287","292",NA,NA,NA,NA,NA,NA,NA,"MT_Forest_Hebblewhite_22_27_H2_01_2022"
"185","295","302","309","316","323","330","337","344","351",NA,NA,NA,NA,NA,"MT_Forest_Hebblewhite_22_27_H2_02_2022"
"186","252","259","266","273","280","287","292",NA,NA,NA,NA,NA,NA,NA,"MT_Forest_Hebblewhite_22_27b_H1_01_2022"
"187","252","259","266","273","280","287","292",NA,NA,NA,NA,NA,NA,NA,"MT_Forest_Hebblewhite_22_28_H5_01_2022"
"188","266","273","280","287","294","301",NA,NA,NA,NA,NA,NA,NA,NA,"MT_Forest_Hebblewhite_22_29_JM2_01_2022"
"189","308","315","322","329","336","343","349",NA,NA,NA,NA,NA,NA,NA,"MT_Forest_Hebblewhite_22_29_JM2_02_2022"
"190","263","270","277","284","291","298","304",NA,NA,NA,NA,NA,NA,NA,"MT_Forest_Hebblewhite_22_31_JM15_01_2022"
"191","308","315","322","329","336","343","350",NA,NA,NA,NA,NA,NA,NA,"MT_Forest_Hebblewhite_22_31_JM15_02_2022"
"192","308","315","322","329","336","343","350",NA,NA,NA,NA,NA,NA,NA,"MT_Forest_Hebblewhite_22_32_JM13_02_2022"
"193","263","270","277","284","291","298","304",NA,NA,NA,NA,NA,NA,NA,"MT_Forest_Hebblewhite_22_32_JM13_2022"
"194","264","271","278","285","292","299","305",NA,NA,NA,NA,NA,NA,NA,"MT_Forest_Hebblewhite_22_33_JM9_01_2022"
"195","310","317","324","331","338","345","351",NA,NA,NA,NA,NA,NA,NA,"MT_Forest_Hebblewhite_22_33_JM9_02_2022"
"196","247","254","261","268","275","282","289","296","303",NA,NA,NA,NA,NA,"MT_Forest_RiverTrail_21_dep_02_2021"
"197","247","254","261","268","275","282","289","296","303",NA,NA,NA,NA,NA,"MT_Forest_RiverTrail_21_dep_04_2021"
"198","244","251","258","265","272","279","286","293","300","306",NA,NA,NA,NA,"MT_Forest_RiverTrail_21_dep_08_2021"
"199","244","251","258","265","272","279","284",NA,NA,NA,NA,NA,NA,NA,"MT_Forest_RiverTrail_21_dep_09_2021"
"200","244","251","258","263",NA,NA,NA,NA,NA,NA,NA,NA,NA,NA,"MT_Forest_RiverTrail_22_Cam01_2022"
"201","288","295","302","308",NA,NA,NA,NA,NA,NA,NA,NA,NA,NA,"MT_Forest_RiverTrail_22_Cam02_2022"
"202","264","271","278","283",NA,NA,NA,NA,NA,NA,NA,NA,NA,NA,"MT_Forest_RiverTrail_22_Cam03_2022"
"203","265","272","279","286","293","300","307",NA,NA,NA,NA,NA,NA,NA,"MT_Forest_RiverTrail_22_Cam04_2022"
"204","265","272","279","286","293","300","307",NA,NA,NA,NA,NA,NA,NA,"MT_Forest_RiverTrail_22_Cam05_2022"
"205","258","265","272","279","286","293","300","307",NA,NA,NA,NA,NA,NA,"MT_Forest_RiverTrail_22_Cam06_2022"
"206","247","254","261","268","275","282","289","296","303","308",NA,NA,NA,NA,"MT_Forest_RiverTrail_22_Cam08_2022"
"207","264","271","278","284",NA,NA,NA,NA,NA,NA,NA,NA,NA,NA,"MT_Forest_RiverTrail_22_Cam09_2022"
"208","290","297",NA,NA,NA,NA,NA,NA,NA,NA,NA,NA,NA,NA,"MT_Forest_RiverTrail_22_Cam10_2022"
"209","241","248","255","262","269","276","283","290","297","304","311","317",NA,NA,"MT_Forest_RiverTrail_Cam01_2023"
"210","241","248","255","262","269","276","283","290","296",NA,NA,NA,NA,NA,"MT_Forest_RiverTrail_Cam02_2023"
"211","244","251","258","265","272","279","286","293","300","307","314","320",NA,NA,"MT_Forest_RiverTrail_Cam04_2023"
"212","246","251",NA,NA,NA,NA,NA,NA,NA,NA,NA,NA,NA,NA,"MT_Forest_RiverTrail_Cam08_2023"
"213","241","248","255","262","269","276","283","290","297","304","311","318",NA,NA,"MT_Forest_RiverTrail_Cam09_2023"
"214","289","296","303","308",NA,NA,NA,NA,NA,NA,NA,NA,NA,NA,"MT_Forest_River_Trail_20_01B_2020"
"215","291","298","305",NA,NA,NA,NA,NA,NA,NA,NA,NA,NA,NA,"MT_Forest_River_Trail_20_04_2020"
"216","248","255","262","269","276","283",NA,NA,NA,NA,NA,NA,NA,NA,"MT_Forest_River_Trail_20_06_2020"
"217","288","295","302","307",NA,NA,NA,NA,NA,NA,NA,NA,NA,NA,"MT_Forest_River_Trail_20_07_2020"
"218","276","283","290","297","304",NA,NA,NA,NA,NA,NA,NA,NA,NA,"MT_Forest_River_Trail_20_10_2020"
"219","247","254","261","268","275","282","289","296","303","310","315",NA,NA,NA,"MT_Forest_Wild_MTHansen_23.BAC.TRMR_Rec006_Mem045.20230724_2023"
"220","247","254","261","268","275","282","289","296","303","310","315",NA,NA,NA,"MT_Forest_Wild_MTHansen_23.BAC.TRMR_Rec042_Mem009.20230724_2023"
"221","266","273","280","287","294","301","308","313",NA,NA,NA,NA,NA,NA,"MT_Grassland_BandyRanch_WBIO 1_2023"
"222","258","265","272","279","286","293","300",NA,NA,NA,NA,NA,NA,NA,"MT_Grassland_BandyRanch_WBIO 2_2023"
"223","265","272","279","286","293","300","307","313",NA,NA,NA,NA,NA,NA,"MT_Grassland_BandyRanch_WBIO 4_2023"
"224","258","265","272","279","286","293","300",NA,NA,NA,NA,NA,NA,NA,"MT_Grassland_BandyRanch_WBIO 6_2023"
"225","258","265","272","279","286","293","300",NA,NA,NA,NA,NA,NA,NA,"MT_Grassland_BandyRanch_WBIO 8_2023"
"226","258","265","272","279","286","293","300",NA,NA,NA,NA,NA,NA,NA,"MT_Grassland_BandyRanch_WILD 026_2023"
"227","258","265","272","279","286","293","300",NA,NA,NA,NA,NA,NA,NA,"MT_Grassland_BandyRanch_WILD 10_2023"
"228","258","265","272","279","286","293","300",NA,NA,NA,NA,NA,NA,NA,"MT_Grassland_BandyRanch_WILD 25_2023"
"229","251","258","265","272","279","286","293","300",NA,NA,NA,NA,NA,NA,"MT_Grassland_BandyRanch_WILD 5_2023"
"230","258","265","272","279","286",NA,NA,NA,NA,NA,NA,NA,NA,NA,"MT_Grassland_BandyRanch_WILD004_2023"
"231","265","272","279","286","293","300","307","313",NA,NA,NA,NA,NA,NA,"MT_Grassland_BandyRanch_WILD006_2023"
"232","258","265","272","279","286","293","300",NA,NA,NA,NA,NA,NA,NA,"MT_Grassland_BandyRanch_WILD015_2023"
"233","251",NA,NA,NA,NA,NA,NA,NA,NA,NA,NA,NA,NA,NA,"MT_Grassland_BandyRanch_WILD051_2023"
"234","262",NA,NA,NA,NA,NA,NA,NA,NA,NA,NA,NA,NA,NA,"MT_Grassland_BandyRanch_WILD8_2023"
"235","258","265","272","279","286","293","300",NA,NA,NA,NA,NA,NA,NA,"MT_Grassland_BandyRanch_Wild 012_2023"
"236","251",NA,NA,NA,NA,NA,NA,NA,NA,NA,NA,NA,NA,NA,"MT_Grassland_BandyRanch_Wild 1_2023"
"237","265","270",NA,NA,NA,NA,NA,NA,NA,NA,NA,NA,NA,NA,"MT_Grassland_BandyRanch_Wild 27_2023"
"238","265","272","279","286","293","300","307","313",NA,NA,NA,NA,NA,NA,"MT_Grassland_BandyRanch_wbio7_2023"
"239","257","264",NA,NA,NA,NA,NA,NA,NA,NA,NA,NA,NA,NA,"MT_Grassland_Forest_Shrubland_Hansen_22.BAC.TRMR_Rec027_Mem164.20220911_2022"
"240","256","263","270","277","284","291","298","305","312",NA,NA,NA,NA,NA,"MT_Grassland_Forest_Shrubland_Hansen_22.BAC.TRMR_Rec039_Mem017.20220910_2022"
"241","256","263","270","277","284","291","298","305","312",NA,NA,NA,NA,NA,"MT_Grassland_Forest_Shrubland_Hansen_22.BAC.TRMR_Rec041_Mem206.20220910_2022"
"242","257","264","271","278","285","292","299","306","313",NA,NA,NA,NA,NA,"MT_Grassland_Forest_Shrubland_Hansen_22.BAC.TRMR_Rec042_Mem028.20220911_2022"
"243","257","264","271","278","285","292","299","306","313",NA,NA,NA,NA,NA,"MT_Grassland_Forest_Shrubland_Hansen_22.BAC.TRMR_Rec043_Mem043.20220911_2022"
"244","257","264","271","278","285","292","299","306","313",NA,NA,NA,NA,NA,"MT_Grassland_Forest_Shrubland_Hansen_22.BAC.TRMR_Rec045_Mem025.20220911_2022"
"245","257","264","271","278","285","292","299","306","313",NA,NA,NA,NA,NA,"MT_Grassland_Forest_Shrubland_Hansen_22.BAC.TRMR_Rec048_Mem006.20220911_2022"
"246","257","264","271","278","285","292","299","306","313",NA,NA,NA,NA,NA,"MT_Grassland_Forest_Shrubland_Hansen_22.BAC.TRMR_Rec049_Mem211.20220911_2022"
"247","259","265",NA,NA,NA,NA,NA,NA,NA,NA,NA,NA,NA,NA,"NM_Grassland_Rural_ENMU_loc2_2023"
"248","259","266","273",NA,NA,NA,NA,NA,NA,NA,NA,NA,NA,NA,"NM_Grassland_Rural_ENMU_loc9_2023"
"249","274","281","288","295","302","308",NA,NA,NA,NA,NA,NA,NA,NA,"NV_Forest_Rural_GalenaCreek_loc01_dep01A_2023"
"250","274","281","288","295","302","308",NA,NA,NA,NA,NA,NA,NA,NA,"NV_Forest_Rural_GalenaCreek_loc02_dep01A_2023"
"251","318","325","331",NA,NA,NA,NA,NA,NA,NA,NA,NA,NA,NA,"NV_Forest_Rural_GalenaCreek_loc02_dep01C_2023"
"252","274","279",NA,NA,NA,NA,NA,NA,NA,NA,NA,NA,NA,NA,"NV_Forest_Rural_GalenaCreek_loc03_dep01_2023"
"253","280",NA,NA,NA,NA,NA,NA,NA,NA,NA,NA,NA,NA,NA,"NV_Forest_Rural_GalenaCreek_loc03_dep02_2023"
"254","318","325","331",NA,NA,NA,NA,NA,NA,NA,NA,NA,NA,NA,"NV_Forest_Rural_GalenaCreek_loc03_dep03_2023"
"255","278","285","292","299","306",NA,NA,NA,NA,NA,NA,NA,NA,NA,"NV_Forest_Rural_GalenaCreek_loc04_dep01A_2023"
"256","314",NA,NA,NA,NA,NA,NA,NA,NA,NA,NA,NA,NA,NA,"NV_Forest_Rural_GalenaCreek_loc04_dep01B_2023"
"257","318","325","331",NA,NA,NA,NA,NA,NA,NA,NA,NA,NA,NA,"NV_Forest_Rural_GalenaCreek_loc04_dep01C_2023"
"258","278","285","292","299","306",NA,NA,NA,NA,NA,NA,NA,NA,NA,"NV_Forest_Rural_GalenaCreek_loc05_dep01A_2023"
"259","313",NA,NA,NA,NA,NA,NA,NA,NA,NA,NA,NA,NA,NA,"NV_Forest_Rural_GalenaCreek_loc05_dep01B_2023"
"260","318","325","331",NA,NA,NA,NA,NA,NA,NA,NA,NA,NA,NA,"NV_Forest_Rural_GalenaCreek_loc05_dep01C_2023"
"261","282","289","296","303","308",NA,NA,NA,NA,NA,NA,NA,NA,NA,"NV_Forest_Rural_GalenaCreek_loc06_dep01A_2023"
"262","313",NA,NA,NA,NA,NA,NA,NA,NA,NA,NA,NA,NA,NA,"NV_Forest_Rural_GalenaCreek_loc06_dep01B_2023"
"263","318","325","331",NA,NA,NA,NA,NA,NA,NA,NA,NA,NA,NA,"NV_Forest_Rural_GalenaCreek_loc06_dep01C_2023"
"264","285","292","299","306",NA,NA,NA,NA,NA,NA,NA,NA,NA,NA,"NV_Forest_Rural_GalenaCreek_loc07_dep01A_2023"
"265","313",NA,NA,NA,NA,NA,NA,NA,NA,NA,NA,NA,NA,NA,"NV_Forest_Rural_GalenaCreek_loc07_dep01B_2023"
"266","318","325","331",NA,NA,NA,NA,NA,NA,NA,NA,NA,NA,NA,"NV_Forest_Rural_GalenaCreek_loc07_dep01C_2023"
"267","319","326","331",NA,NA,NA,NA,NA,NA,NA,NA,NA,NA,NA,"NV_Forest_Rural_GalenaCreek_loc08_dep01_2023"
"268","318","325","331",NA,NA,NA,NA,NA,NA,NA,NA,NA,NA,NA,"NV_Forest_Rural_GalenaCreek_loc09_dep01_2023"
"269","319","326","331",NA,NA,NA,NA,NA,NA,NA,NA,NA,NA,NA,"NV_Forest_Rural_GalenaCreek_loc10_dep01_2023"
"270","271","276",NA,NA,NA,NA,NA,NA,NA,NA,NA,NA,NA,NA,"NV_Wetland_Rural_TruckeeMeadows_loc01_dep01_2023"
"271","281","287",NA,NA,NA,NA,NA,NA,NA,NA,NA,NA,NA,NA,"NV_Wetland_Rural_TruckeeMeadows_loc01_dep02A_2023"
"272","292","299",NA,NA,NA,NA,NA,NA,NA,NA,NA,NA,NA,NA,"NV_Wetland_Rural_TruckeeMeadows_loc01_dep02B_2023"
"273","307",NA,NA,NA,NA,NA,NA,NA,NA,NA,NA,NA,NA,NA,"NV_Wetland_Rural_TruckeeMeadows_loc01_dep03A_2023"
"274","313","320",NA,NA,NA,NA,NA,NA,NA,NA,NA,NA,NA,NA,"NV_Wetland_Rural_TruckeeMeadows_loc01_dep03B_2023"
"275","327","332",NA,NA,NA,NA,NA,NA,NA,NA,NA,NA,NA,NA,"NV_Wetland_Rural_TruckeeMeadows_loc01_dep03C_2023"
"276","272","279","286","293","299",NA,NA,NA,NA,NA,NA,NA,NA,NA,"NV_Wetland_Rural_TruckeeMeadows_loc02_dep01_2023"
"277","304","309",NA,NA,NA,NA,NA,NA,NA,NA,NA,NA,NA,NA,"NV_Wetland_Rural_TruckeeMeadows_loc02_dep02A_2023"
"278","311",NA,NA,NA,NA,NA,NA,NA,NA,NA,NA,NA,NA,NA,"NV_Wetland_Rural_TruckeeMeadows_loc02_dep02B_2023"
"279","327","332",NA,NA,NA,NA,NA,NA,NA,NA,NA,NA,NA,NA,"NV_Wetland_Rural_TruckeeMeadows_loc02_dep03_2023"
"280","270",NA,NA,NA,NA,NA,NA,NA,NA,NA,NA,NA,NA,NA,"NV_Wetland_Rural_TruckeeMeadows_loc03_dep01_2023"
"281","280",NA,NA,NA,NA,NA,NA,NA,NA,NA,NA,NA,NA,NA,"NV_Wetland_Rural_TruckeeMeadows_loc03_dep02_2023"
"282","287",NA,NA,NA,NA,NA,NA,NA,NA,NA,NA,NA,NA,NA,"NV_Wetland_Rural_TruckeeMeadows_loc03_dep03_2023"
"283","302",NA,NA,NA,NA,NA,NA,NA,NA,NA,NA,NA,NA,NA,"NV_Wetland_Rural_TruckeeMeadows_loc03_dep04_2023"
"284","315","322",NA,NA,NA,NA,NA,NA,NA,NA,NA,NA,NA,NA,"NV_Wetland_Rural_TruckeeMeadows_loc03_dep05A_2023"
"285","327","332",NA,NA,NA,NA,NA,NA,NA,NA,NA,NA,NA,NA,"NV_Wetland_Rural_TruckeeMeadows_loc03_dep05B_2023"
"286","272","279",NA,NA,NA,NA,NA,NA,NA,NA,NA,NA,NA,NA,"NV_Wetland_Rural_TruckeeMeadows_loc04_dep01_2023"
"287","288","295","301",NA,NA,NA,NA,NA,NA,NA,NA,NA,NA,NA,"NV_Wetland_Rural_TruckeeMeadows_loc04_dep02_2023"
"288","305",NA,NA,NA,NA,NA,NA,NA,NA,NA,NA,NA,NA,NA,"NV_Wetland_Rural_TruckeeMeadows_loc04_dep03A_2023"
"289","312","319",NA,NA,NA,NA,NA,NA,NA,NA,NA,NA,NA,NA,"NV_Wetland_Rural_TruckeeMeadows_loc04_dep03B_2023"
"290","326","332",NA,NA,NA,NA,NA,NA,NA,NA,NA,NA,NA,NA,"NV_Wetland_Rural_TruckeeMeadows_loc04_dep03C_2023"
"291","275","282","289","294",NA,NA,NA,NA,NA,NA,NA,NA,NA,NA,"NV_Wetland_Rural_TruckeeMeadows_loc05_dep01_2023"
"292","275",NA,NA,NA,NA,NA,NA,NA,NA,NA,NA,NA,NA,NA,"NV_Wetland_Rural_TruckeeMeadows_loc06_dep01_2023"
"293","277","283",NA,NA,NA,NA,NA,NA,NA,NA,NA,NA,NA,NA,"NV_Wetland_Rural_TruckeeMeadows_loc07_dep01_2023"
"294","287","294","299",NA,NA,NA,NA,NA,NA,NA,NA,NA,NA,NA,"NV_Wetland_Rural_TruckeeMeadows_loc08_dep01_2023"
"295","305",NA,NA,NA,NA,NA,NA,NA,NA,NA,NA,NA,NA,NA,"NV_Wetland_Rural_TruckeeMeadows_loc08_dep02A_2023"
"296","312","319",NA,NA,NA,NA,NA,NA,NA,NA,NA,NA,NA,NA,"NV_Wetland_Rural_TruckeeMeadows_loc08_dep02B_2023"
"297","329",NA,NA,NA,NA,NA,NA,NA,NA,NA,NA,NA,NA,NA,"NV_Wetland_Rural_TruckeeMeadows_loc08_dep03_2023"
"298","287","294","301","307",NA,NA,NA,NA,NA,NA,NA,NA,NA,NA,"NV_Wetland_Rural_TruckeeMeadows_loc09_dep01A_2023"
"299","316","322",NA,NA,NA,NA,NA,NA,NA,NA,NA,NA,NA,NA,"NV_Wetland_Rural_TruckeeMeadows_loc09_dep01B_2023"
"300","326","332",NA,NA,NA,NA,NA,NA,NA,NA,NA,NA,NA,NA,"NV_Wetland_Rural_TruckeeMeadows_loc09_dep01C_2023"
"301","315","322","329",NA,NA,NA,NA,NA,NA,NA,NA,NA,NA,NA,"NV_Wetland_Rural_TruckeeMeadows_loc10_dep01_2023"
"302","329",NA,NA,NA,NA,NA,NA,NA,NA,NA,NA,NA,NA,NA,"NV_Wetland_Rural_TruckeeMeadows_loc12_dep01_2023"
"303","283","290","297",NA,NA,NA,NA,NA,NA,NA,NA,NA,NA,NA,"OR_Forest_Cow_Creek_20_02_2020"
"304","282","289","296","301",NA,NA,NA,NA,NA,NA,NA,NA,NA,NA,"OR_Forest_Cow_Creek_20_10_2020"
"305","282","289","296","301",NA,NA,NA,NA,NA,NA,NA,NA,NA,NA,"OR_Forest_Cow_Creek_20_11_2020"
"306","282","289","296","301",NA,NA,NA,NA,NA,NA,NA,NA,NA,NA,"OR_Forest_Cow_Creek_20_12_2020"
"307","282","289","296","301",NA,NA,NA,NA,NA,NA,NA,NA,NA,NA,"OR_Forest_Cow_Creek_20_16_2020"
"308","282","289","296","301",NA,NA,NA,NA,NA,NA,NA,NA,NA,NA,"OR_Forest_Cow_Creek_20_17_2020"
"309","282","289","296","301",NA,NA,NA,NA,NA,NA,NA,NA,NA,NA,"OR_Forest_Cow_Creek_20_18_2020"
"310","247","254","261","268","275","282","289","296","301",NA,NA,NA,NA,NA,"OR_Forest_Forrester_21_dep_05_2021"
"311","247","254","261","268","275","282","289","296","301",NA,NA,NA,NA,NA,"OR_Forest_Forrester_21_dep_06_2021"
"312","247","254","261","268","275","282","289","296","303","310",NA,NA,NA,NA,"OR_Forest_Forrester_21_dep_08_2021"
"313","247","254","261","268","275","281",NA,NA,NA,NA,NA,NA,NA,NA,"OR_Forest_Forrester_21_dep_11_2021"
"314","247","254","261","268","275","282","289","296","303","308",NA,NA,NA,NA,"OR_Forest_Forrester_21_dep_18_2021"
"315","247","254","261","268","275","282","289","296","303","310",NA,NA,NA,NA,"OR_Forest_Forrester_21_dep_19_2021"
"316","247","254","261","268","275","282","289","296","303","308",NA,NA,NA,NA,"OR_Forest_Forrester_21_dep_22_2021"
"317","247","254","261","268","275","282","289","296","303","310","317","324",NA,NA,"OR_Forest_Forrester_21_dep_23_2021"
"318","247","254","261","268","275","282","289","296","303","310","317","324",NA,NA,"OR_Forest_Forrester_21_dep_26_2021"
"319","268","275","282","289","296","303",NA,NA,NA,NA,NA,NA,NA,NA,"OR_Forest_OregonStateUni_ORSNAP01 09/22/2023_2023"
"320","268","275","282","289","296","303",NA,NA,NA,NA,NA,NA,NA,NA,"OR_Forest_OregonStateUni_ORSNAP02 09/22/2023_2023"
"321","268","275","282","289","296","303",NA,NA,NA,NA,NA,NA,NA,NA,"OR_Forest_OregonStateUni_ORSNAP03 09/22/2023_2023"
"322","268","275","282","289","296","303",NA,NA,NA,NA,NA,NA,NA,NA,"OR_Forest_OregonStateUni_ORSNAP04 09/22/2023_2023"
"323","268","275","282","289","296","303",NA,NA,NA,NA,NA,NA,NA,NA,"OR_Forest_OregonStateUni_ORSNAP05 09/22/2023_2023"
"324","268","275","282","289","296","303",NA,NA,NA,NA,NA,NA,NA,NA,"OR_Forest_OregonStateUni_ORSNAP06 09/22/2023_2023"
"325","268","275","282","289","296","303",NA,NA,NA,NA,NA,NA,NA,NA,"OR_Forest_OregonStateUni_ORSNAP07 09/22/2023_2023"
"326","268","275","282","289","296","303",NA,NA,NA,NA,NA,NA,NA,NA,"OR_Forest_OregonStateUni_ORSNAP08 09/22/2023_2023"
"327","268","275","282","289","296","303",NA,NA,NA,NA,NA,NA,NA,NA,"OR_Forest_OregonStateUni_ORSNAP09 09/22/2023_2023"
"328","268","275","282","289","296","303",NA,NA,NA,NA,NA,NA,NA,NA,"OR_Forest_OregonStateUni_ORSNAP10 09/22/2023_2023"
"329","268","275","282","289","296","303",NA,NA,NA,NA,NA,NA,NA,NA,"OR_Forest_OregonStateUni_ORSNAP11 09/22/2023_2023"
"330","268","275","282","289","296","303",NA,NA,NA,NA,NA,NA,NA,NA,"OR_Forest_OregonStateUni_ORSNAP12 09/22/2023_2023"
"331","268","275","282","289","296","303",NA,NA,NA,NA,NA,NA,NA,NA,"OR_Forest_OregonStateUni_ORSNAP13 09/22/2023_2023"
"332","268","275","282","289","296","303",NA,NA,NA,NA,NA,NA,NA,NA,"OR_Forest_OregonStateUni_ORSNAP14 09/22/2023_2023"
"333","268","275","282","289","296","303",NA,NA,NA,NA,NA,NA,NA,NA,"OR_Forest_OregonStateUni_ORSNAP15 09/22/2023_2023"
"334","252","259","266","273","280","287","294",NA,NA,NA,NA,NA,NA,NA,"OR_Forest_Oregon_State_University_11_2019"
"335","252","259","266","273","280","287","294",NA,NA,NA,NA,NA,NA,NA,"OR_Forest_Oregon_State_University_13_2019"
"336","252","259","266","273","280","287","294",NA,NA,NA,NA,NA,NA,NA,"OR_Forest_Oregon_State_University_14_2019"
"337","252","259","266","273","280","287","294",NA,NA,NA,NA,NA,NA,NA,"OR_Forest_Oregon_State_University_1_2019"
"338","251","258","265","272","279","286","293","298",NA,NA,NA,NA,NA,NA,"OR_Forest_Oregon_State_University_20_01_2020"
"339","251","258","265","272","279","286","293","298",NA,NA,NA,NA,NA,NA,"OR_Forest_Oregon_State_University_20_06_2020"
"340","251","258","265","272","279","286","293","298",NA,NA,NA,NA,NA,NA,"OR_Forest_Oregon_State_University_20_08_2020"
"341","251","258","265","272","279","286","293","298",NA,NA,NA,NA,NA,NA,"OR_Forest_Oregon_State_University_20_09_2020"
"342","251","258","265","272","279","286","293","298",NA,NA,NA,NA,NA,NA,"OR_Forest_Oregon_State_University_20_15_2020"
"343","269","276","283","290","297","304","311",NA,NA,NA,NA,NA,NA,NA,"OR_Forest_Oregon_State_University_22_ORSNAP09 09/23/2022_2022"
"344","269","276","283","290","297","304","311",NA,NA,NA,NA,NA,NA,NA,"OR_Forest_Oregon_State_University_22_ORSNAP12 09/23/2022_2022"
"345","252","259","266","273","280","287","294",NA,NA,NA,NA,NA,NA,NA,"OR_Forest_Oregon_State_University_2_2019"
"346","252","259",NA,NA,NA,NA,NA,NA,NA,NA,NA,NA,NA,NA,"OR_Forest_Oregon_State_University_3_2019"
"347","252","259","266","273","280","287","294",NA,NA,NA,NA,NA,NA,NA,"OR_Forest_Oregon_State_University_5_2019"
"348","252","259","266","273","280","287","294",NA,NA,NA,NA,NA,NA,NA,"OR_Forest_Oregon_State_University_7_2019"
"349","252","259","266","273","280","287","294",NA,NA,NA,NA,NA,NA,NA,"OR_Forest_Oregon_State_University_9_2019"
"350","247","254","261","268","274",NA,NA,NA,NA,NA,NA,NA,NA,NA,"OR_Forest_Starkey_Experimental_Forest_26_2019"
"351","247","254","261","268","274",NA,NA,NA,NA,NA,NA,NA,NA,NA,"OR_Forest_Starkey_Experimental_Forest_37_2019"
"352","247","254","261","268","274",NA,NA,NA,NA,NA,NA,NA,NA,NA,"OR_Forest_Starkey_Experimental_Forest_38_2019"
"353","247","254","261","268","274",NA,NA,NA,NA,NA,NA,NA,NA,NA,"OR_Forest_Starkey_Experimental_Forest_40_2019"
"354","247","254","261","268","275","280",NA,NA,NA,NA,NA,NA,NA,NA,"OR_Forest_Starkey_Experimental_Forest_46_2019"
"355","249","256","263","270","276",NA,NA,NA,NA,NA,NA,NA,NA,NA,"OR_Forest_Starkey_Experimental_Forest_48B_2019"
"356","247","254","261","268","275",NA,NA,NA,NA,NA,NA,NA,NA,NA,"OR_Forest_Starkey_Experimental_Forest_49B_2019"
"357","247","254","261","268","275",NA,NA,NA,NA,NA,NA,NA,NA,NA,"OR_Forest_Starkey_Experimental_Forest_50B_2019"
"358","247","254","261","268","274",NA,NA,NA,NA,NA,NA,NA,NA,NA,"OR_Forest_Starkey_Experimental_Forest_51B_2019"
"359","247","254","261","268","275",NA,NA,NA,NA,NA,NA,NA,NA,NA,"OR_Forest_Starkey_Experimental_Forest_59B_2019"
"360","290","297","302",NA,NA,NA,NA,NA,NA,NA,NA,NA,NA,NA,"OR_McMinnville_W.Grassland.Run_SS23_Cam1 08/23/2023_2023"
"361","269","276","283","290","297","304","309",NA,NA,NA,NA,NA,NA,NA,"Oregon_Forest_Lesmeister_21_dep_06_2021"
"362","269","276","283","290","297","304","309",NA,NA,NA,NA,NA,NA,NA,"Oregon_Forest_Lesmeister_21_dep_08_2021"
"363","269","276","283","290","297","304","309",NA,NA,NA,NA,NA,NA,NA,"Oregon_Forest_Lesmeister_21_dep_11_2021"
"364","269","276","283","290","297","304","309",NA,NA,NA,NA,NA,NA,NA,"Oregon_Forest_Lesmeister_21_dep_12_2021"
"365","280","287","294","301","306",NA,NA,NA,NA,NA,NA,NA,NA,NA,"PC_menlove.Fall.USA.2020_2020"
"366","233",NA,NA,NA,NA,NA,NA,NA,NA,NA,NA,NA,NA,NA,"RB_06.USA.2020_2020"
"367","280","287","294","301","308",NA,NA,NA,NA,NA,NA,NA,NA,NA,"RB_09.USA.2020_2020"
"368","233","240","247","254","261","268","275",NA,NA,NA,NA,NA,NA,NA,"RB_10.USA.2020_2020"
"369","233","240","247","254","261","268","275",NA,NA,NA,NA,NA,NA,NA,"RB_13.USA.2020_2020"
"370","262","267",NA,NA,NA,NA,NA,NA,NA,NA,NA,NA,NA,NA,"SD_Grassland_Custer_County_20_01_2020"
"371","261","268","275","282","289","296","303","309",NA,NA,NA,NA,NA,NA,"SD_Grassland_Custer_County_9_2019"
"372","247","254","259",NA,NA,NA,NA,NA,NA,NA,NA,NA,NA,NA,"TX_Grassland_YoakumDunes_21_dep_01 09/01/2021_2021"
"373","247","254","259",NA,NA,NA,NA,NA,NA,NA,NA,NA,NA,NA,"TX_Grassland_YoakumDunes_21_dep_02 09/01/2021_2021"
"374","265",NA,NA,NA,NA,NA,NA,NA,NA,NA,NA,NA,NA,NA,"TX_Grassland_YoakumDunes_21_dep_03 09/20/2021_2021"
"375","266","273","280","285",NA,NA,NA,NA,NA,NA,NA,NA,NA,NA,"TX_Grassland_YoakumDunes_21_dep_03 09/20/21_2021"
"376","247","254","259",NA,NA,NA,NA,NA,NA,NA,NA,NA,NA,NA,"TX_Grassland_YoakumDunes_21_dep_04 09/01/2021_2021"
"377","247","254",NA,NA,NA,NA,NA,NA,NA,NA,NA,NA,NA,NA,"TX_Grassland_YoakumDunes_21_dep_05 09/01/2021_2021"
"378","262","269","276","283",NA,NA,NA,NA,NA,NA,NA,NA,NA,NA,"TX_Grassland_YoakumDunes_21_dep_05 09/16/2021_2021"
"379","247","254","259",NA,NA,NA,NA,NA,NA,NA,NA,NA,NA,NA,"TX_Grassland_YoakumDunes_21_dep_06 09/01/2021_2021"
"380","262","269","276","283",NA,NA,NA,NA,NA,NA,NA,NA,NA,NA,"TX_Grassland_YoakumDunes_21_dep_06 09/16/2021_2021"
"381","247","254","259",NA,NA,NA,NA,NA,NA,NA,NA,NA,NA,NA,"TX_Grassland_YoakumDunes_21_dep_07 09/01/2021_2021"
"382","247","254","259",NA,NA,NA,NA,NA,NA,NA,NA,NA,NA,NA,"TX_Grassland_YoakumDunes_21_dep_08 09/01/2021_2021"
"383","247","254","259",NA,NA,NA,NA,NA,NA,NA,NA,NA,NA,NA,"TX_Grassland_YoakumDunes_21_dep_09 09/01/2021_2021"
"384","247","254","259",NA,NA,NA,NA,NA,NA,NA,NA,NA,NA,NA,"TX_Grassland_YoakumDunes_21_dep_10 09/01/2021_2021"
"385","274",NA,NA,NA,NA,NA,NA,NA,NA,NA,NA,NA,NA,NA,"TX_Grassland_YoakumDunes_22_PT 09/28/2022_2022"
"386","259","266","273","278",NA,NA,NA,NA,NA,NA,NA,NA,NA,NA,"TX_Grassland_YoakumDunes_23_MDT 09/13/2023_2023"
"387","259","266","273","280","287","294","301",NA,NA,NA,NA,NA,NA,NA,"TX_Grassland_YoakumDunes_23_Middle 09/13/2023_2023"
"388","251","258","265","272","279","286","293","300",NA,NA,NA,NA,NA,NA,"UT_Anthropogenic_Urban_SLC_23_dep_00_2023"
"389","247","254","261","268","275","282","289","296","302",NA,NA,NA,NA,NA,"UT_Anthropogenic_Urban_SLC_23_dep_01_2023"
"390","229","236","243","250",NA,NA,NA,NA,NA,NA,NA,NA,NA,NA,"UT_Forest_Wasatch_21_dep_01_2021"
"391","277","284","291","298","305","310",NA,NA,NA,NA,NA,NA,NA,NA,"UT_Forest_Wasatch_21_dep_02_2021"
"392","264","271","278","285","292","299","306",NA,NA,NA,NA,NA,NA,NA,"UT_Forest_Wasatch_21_dep_03_2021"
"393","264","271","278","285","292","299","306",NA,NA,NA,NA,NA,NA,NA,"UT_Forest_Wasatch_21_dep_04_2021"
"394","264","271","278","285","292","299","306",NA,NA,NA,NA,NA,NA,NA,"UT_Forest_Wasatch_21_dep_05_2021"
"395","265","272","279","286","293","300","307",NA,NA,NA,NA,NA,NA,NA,"UT_Forest_Wasatch_21_dep_10_2021"
"396","230","237","244","251","258","265","272","279","286","293","300","307",NA,NA,"UT_Forest_Wasatch_21_dep_12_2021"
"397","257","264","271","278","285","292","299","306","311",NA,NA,NA,NA,NA,"UT_Forest_Wasatch_21_dep_13_2021"
"398","235","242","249","256","263","270","277","282",NA,NA,NA,NA,NA,NA,"UT_Forest_Wasatch_22_dep_03_2022"
"399","235","242","249","256","263","270","277","282",NA,NA,NA,NA,NA,NA,"UT_Forest_Wasatch_22_dep_04_2022"
"400","235","242","249","256","263","270","277","282",NA,NA,NA,NA,NA,NA,"UT_Forest_Wasatch_22_dep_05_2022"
"401","277","284","291","298","305","311",NA,NA,NA,NA,NA,NA,NA,NA,"UT_Forest_Wasatch_22_dep_07_2022"
"402","277","284","291","298","304",NA,NA,NA,NA,NA,NA,NA,NA,NA,"UT_Forest_Wasatch_22_dep_08_2022"
"403","277","284","291","298","305","311",NA,NA,NA,NA,NA,NA,NA,NA,"UT_Forest_Wasatch_22_dep_09_2022"
"404","277","284","291","298","305","311",NA,NA,NA,NA,NA,NA,NA,NA,"UT_Forest_Wasatch_22_dep_10_2022"
"405","277","284","291","298","305","311",NA,NA,NA,NA,NA,NA,NA,NA,"UT_Forest_Wasatch_22_dep_11_2022"
"406","255","262","269","276","283","290","297","304",NA,NA,NA,NA,NA,NA,"UT_Forest_Wild_Wasatch_23_dep_03_2023"
"407","255","262","269","276","283","290","297","304",NA,NA,NA,NA,NA,NA,"UT_Forest_Wild_Wasatch_23_dep_04_2023"
"408","255","262","269","276","283","290","297","304",NA,NA,NA,NA,NA,NA,"UT_Forest_Wild_Wasatch_23_dep_05_2023"
"409","256","263","270","277","284","291","298","305",NA,NA,NA,NA,NA,NA,"UT_Forest_Wild_Wasatch_23_dep_07_2023"
"410","256","263","270","277","284","291","298","305",NA,NA,NA,NA,NA,NA,"UT_Forest_Wild_Wasatch_23_dep_08_2023"
"411","256","263","270","277","284","291","298","305",NA,NA,NA,NA,NA,NA,"UT_Forest_Wild_Wasatch_23_dep_09_2023"
"412","256","263","270","277","284","291","298","305",NA,NA,NA,NA,NA,NA,"UT_Forest_Wild_Wasatch_23_dep_10_2023"
"413","256","263","270","277","284","291","298","305",NA,NA,NA,NA,NA,NA,"UT_Forest_Wild_Wasatch_23_dep_11_2023"
"414","263","270","277","284",NA,NA,NA,NA,NA,NA,NA,NA,NA,NA,"WA_Kamiak_21_dep_01_2021"
"415","263","270","277","284",NA,NA,NA,NA,NA,NA,NA,NA,NA,NA,"WA_Kamiak_21_dep_02_2021"
"416","270","277","284",NA,NA,NA,NA,NA,NA,NA,NA,NA,NA,NA,"WA_Kamiak_21_loc_0010 09/17/2021_2021"
"417","270","277","284",NA,NA,NA,NA,NA,NA,NA,NA,NA,NA,NA,"WA_Kamiak_21_loc_017 09/17/2021_2021"
"418","263","270","277","284",NA,NA,NA,NA,NA,NA,NA,NA,NA,NA,"WA_Kamiak_21_loc_03 09/17/2021_2021"
"419","263","270",NA,NA,NA,NA,NA,NA,NA,NA,NA,NA,NA,NA,"WA_Kamiak_21_loc_04 09/17/2021_2021"
"420","270","277","284",NA,NA,NA,NA,NA,NA,NA,NA,NA,NA,NA,"WA_Kamiak_21_loc_05 09/17/2021_2021"
"421","270","277","284",NA,NA,NA,NA,NA,NA,NA,NA,NA,NA,NA,"WA_Kamiak_21_loc_06 09/17/2021_2021"
"422","270","277","284",NA,NA,NA,NA,NA,NA,NA,NA,NA,NA,NA,"WA_Kamiak_21_loc_07 09/17/2021_2021"
"423","270","277","284",NA,NA,NA,NA,NA,NA,NA,NA,NA,NA,NA,"WA_Kamiak_21_loc_12 09/17/2021_2021"
"424","270","277","284",NA,NA,NA,NA,NA,NA,NA,NA,NA,NA,NA,"WA_Kamiak_21_loc_19 09/17/2021_2021"
"425","294","301","308","314",NA,NA,NA,NA,NA,NA,NA,NA,NA,NA,"WA_Smoot_Hill_0012 10/15/2021_2021"
"426","292","299","306","312",NA,NA,NA,NA,NA,NA,NA,NA,NA,NA,"WA_Smoot_Hill_006 10/15/2021_2021"
"427","292","299","306","312",NA,NA,NA,NA,NA,NA,NA,NA,NA,NA,"WA_Smoot_Hill_01 10/15/2021_2021"
"428","292","299","306","312",NA,NA,NA,NA,NA,NA,NA,NA,NA,NA,"WA_Smoot_Hill_014 10/15/2021_2021"
"429","292","299","306","312",NA,NA,NA,NA,NA,NA,NA,NA,NA,NA,"WA_Smoot_Hill_016 10/15/2021_2021"
"430","292","299","306","312",NA,NA,NA,NA,NA,NA,NA,NA,NA,NA,"WA_Smoot_Hill_017 10/15/2021_2021"
"431","291","298","305","312",NA,NA,NA,NA,NA,NA,NA,NA,NA,NA,"WA_Smoot_Hill_019 10/15/2021_2021"
"432","292","299","306","312",NA,NA,NA,NA,NA,NA,NA,NA,NA,NA,"WA_Smoot_Hill_02 10/15/2021_2021"
"433","292","299","306","312",NA,NA,NA,NA,NA,NA,NA,NA,NA,NA,"WA_Smoot_Hill_03 10/15/2021_2021"
"434","292","299","306","312",NA,NA,NA,NA,NA,NA,NA,NA,NA,NA,"WA_Smoot_Hill_04 10/15/2021_2021"
"435","292","299","306",NA,NA,NA,NA,NA,NA,NA,NA,NA,NA,NA,"WA_Smoot_Hill_05 10/15/2021_2021"
"436","292","299","306","312",NA,NA,NA,NA,NA,NA,NA,NA,NA,NA,"WA_Smoot_Hill_07 10/15/2021_2021"
"437","291","298","305","312",NA,NA,NA,NA,NA,NA,NA,NA,NA,NA,"WA_Smoot_Hill_10 10/15/2021_2021"
"438","260","267","274","281","288","295","300",NA,NA,NA,NA,NA,NA,NA,"WY_Forest_Alexander_21_dep_02_2021"
"439","260","267","274","281","288","295","300",NA,NA,NA,NA,NA,NA,NA,"WY_Forest_Alexander_21_dep_03_2021"
"440","259","266","273","280","287","294","299",NA,NA,NA,NA,NA,NA,NA,"WY_Forest_Alexander_21_dep_05_2021"
"441","260","267","274","281","288","295","300",NA,NA,NA,NA,NA,NA,NA,"WY_Forest_Alexander_21_dep_06_2021"
"442","259","266","273","280","287","294","300",NA,NA,NA,NA,NA,NA,NA,"WY_Forest_Alexander_21_dep_07_2021"
"443","259","266","273","280","287","294","300",NA,NA,NA,NA,NA,NA,NA,"WY_Forest_Alexander_21_dep_08_2021"
"444","259","266","273","280","287","294","300",NA,NA,NA,NA,NA,NA,NA,"WY_Forest_Alexander_21_dep_09_2021"
"445","259","266","273","280","287","294","300",NA,NA,NA,NA,NA,NA,NA,"WY_Forest_Alexander_21_dep_10_2021"
"446","259","266","273","280","287","294","300",NA,NA,NA,NA,NA,NA,NA,"WY_Forest_Alexander_21_dep_12_2021"
"447","258","265","272","279","286","293","299",NA,NA,NA,NA,NA,NA,NA,"WY_Forest_Alexander_22_dep01_2022"
"448","258","265","272","279","284",NA,NA,NA,NA,NA,NA,NA,NA,NA,"WY_Forest_Alexander_22_dep02_2022"
"449","258","265","272","279","286","293","299",NA,NA,NA,NA,NA,NA,NA,"WY_Forest_Alexander_22_dep03_2022"
"450","259","266","273","280","287","294","300",NA,NA,NA,NA,NA,NA,NA,"WY_Forest_Alexander_22_dep05_2022"
"451","259","266","273","280","287","294","300",NA,NA,NA,NA,NA,NA,NA,"WY_Forest_Alexander_22_dep07_2022"
"452","259","266","273","280","287","294","300",NA,NA,NA,NA,NA,NA,NA,"WY_Forest_Alexander_22_dep08_2022"
"453","259","266","273","280","287","294","300",NA,NA,NA,NA,NA,NA,NA,"WY_Forest_Alexander_22_dep09_2022"
"454","251","258","265","272","279","286","291",NA,NA,NA,NA,NA,NA,NA,"WY_Forest_Craighead_20_01_2020"
"455","251","258","265","272","279","286","291",NA,NA,NA,NA,NA,NA,NA,"WY_Forest_Craighead_20_02_2020"
"456","251","258","265","272","279","286","291",NA,NA,NA,NA,NA,NA,NA,"WY_Forest_Craighead_20_03_2020"
"457","251","258","265","272","279","286","291",NA,NA,NA,NA,NA,NA,NA,"WY_Forest_Craighead_20_05_2020"
"458","251","258","265","272","279","286","291",NA,NA,NA,NA,NA,NA,NA,"WY_Forest_Craighead_20_06_2020"
"459","258","265","272","279","286","293",NA,NA,NA,NA,NA,NA,NA,NA,"WY_Forest_Craighead_20_07_2020"
"460","257","264","271","278","285","292",NA,NA,NA,NA,NA,NA,NA,NA,"WY_Forest_Craighead_20_08_2020"
"461","257","264","271","278","285","292",NA,NA,NA,NA,NA,NA,NA,NA,"WY_Forest_Craighead_20_09_2020"
"462","257","264","271","278","285","292",NA,NA,NA,NA,NA,NA,NA,NA,"WY_Forest_Craighead_20_10_2020"
"463","257","264","271","278","285","292",NA,NA,NA,NA,NA,NA,NA,NA,"WY_Forest_Craighead_20_11_2020"
"464","257","264","271","278","285","292","299","306","311",NA,NA,NA,NA,NA,"WY_Forest_Wild_Alexander_23_dep01_2023"
"465","257","264","271","278","285","292","299","306","311",NA,NA,NA,NA,NA,"WY_Forest_Wild_Alexander_23_dep02_2023"
"466","257","264","271","278","285","292","299","306","311",NA,NA,NA,NA,NA,"WY_Forest_Wild_Alexander_23_dep03_2023"
"467","259","266","273","280","287","294","301","308","313",NA,NA,NA,NA,NA,"WY_Forest_Wild_Alexander_23_dep05_2023"
"468","257","264",NA,NA,NA,NA,NA,NA,NA,NA,NA,NA,NA,NA,"WY_Forest_Wild_Alexander_23_dep06_2023"
"469","259","266","273","280","287","294","301","308","313",NA,NA,NA,NA,NA,"WY_Forest_Wild_Alexander_23_dep07_2023"
"470","259","266","273","280","287","294","301","308","313",NA,NA,NA,NA,NA,"WY_Forest_Wild_Alexander_23_dep09_2023"
"471","260","267","274","281","288","295","302","309",NA,NA,NA,NA,NA,NA,"WY_Grassland_Carbon_County_20_05_2020"
"472","260","267","274","281","288","295","302","309",NA,NA,NA,NA,NA,NA,"WY_Grassland_Carbon_County_20_09_2020"
"473","253","260","267","274","281","288","295","302","309","314",NA,NA,NA,NA,"WY_Grassland_Carbon_County_6_2019"
"474","253","260",NA,NA,NA,NA,NA,NA,NA,NA,NA,NA,NA,NA,"WY_Grassland_Carbon_County_7_2019"
"475","253","260","267","274","281","288","295","302","309","314",NA,NA,NA,NA,"WY_Grassland_Carbon_County_9_2019"
"476","285","292","297",NA,NA,NA,NA,NA,NA,NA,NA,NA,NA,NA,"WY_Grassland_Wild_Baggs_23_Location10_2023"
"477","248","255","262","269","276","283","290",NA,NA,NA,NA,NA,NA,NA,"WY_Grassland_Wild_Baggs_23_Location12_2023"
"478","248","255","260",NA,NA,NA,NA,NA,NA,NA,NA,NA,NA,NA,"WY_Grassland_Wild_Baggs_23_Location1_2023"
"479","248","255","262",NA,NA,NA,NA,NA,NA,NA,NA,NA,NA,NA,"WY_Grassland_Wild_Baggs_23_Location4_2023"
"480","248","255","262","269","276","283","290","296",NA,NA,NA,NA,NA,NA,"WY_Grassland_Wild_Baggs_23_Location5_2023"
"481","248","255","262","269","276","283","290","296",NA,NA,NA,NA,NA,NA,"WY_Grassland_Wild_Baggs_23_Location6_2023"
"482","248",NA,NA,NA,NA,NA,NA,NA,NA,NA,NA,NA,NA,NA,"WY_Grassland_Wild_Baggs_23_Location7_2023"
"483","248","255","260",NA,NA,NA,NA,NA,NA,NA,NA,NA,NA,NA,"WY_Grassland_Wild_Baggs_23_Location8_2023"
"484","260","267","274","281","288","293",NA,NA,NA,NA,NA,NA,NA,NA,"WY_Grassland_Wuensch_22_003_2022"
"485","260","267","274","281","288","293",NA,NA,NA,NA,NA,NA,NA,NA,"WY_Grassland_Wuensch_22_008_2022"
"486","260","267","274","281","288","293",NA,NA,NA,NA,NA,NA,NA,NA,"WY_Grassland_Wuensch_22_011_2022"
"487","261","268","275","282","289","294",NA,NA,NA,NA,NA,NA,NA,NA,"WY_Grassland_Wuensch_22_015_2022"
"488","260","267","274","281","288","293",NA,NA,NA,NA,NA,NA,NA,NA,"WY_Grassland_Wuensch_22_016_2022"
"489","260","267","274","281","288","293",NA,NA,NA,NA,NA,NA,NA,NA,"WY_Grassland_Wuensch_22_036_2022"
"490","257","264","271","278","285","292","299","305",NA,NA,NA,NA,NA,NA,"WY_grassland_wild_Baggs_22_Deployment12_2022"
"491","257","264","271","278","285","292","299","305",NA,NA,NA,NA,NA,NA,"WY_grassland_wild_Baggs_22_Deployment13_2022"
"492","257","264","271","278","285","292","299","305",NA,NA,NA,NA,NA,NA,"WY_grassland_wild_Baggs_22_Deployment14_2022"
"493","226","233","240","247","254","261","268","274",NA,NA,NA,NA,NA,NA,"WY_grassland_wild_Baggs_22_Deployment2_2022"
"494","257","264","271","278","285","292","299","305",NA,NA,NA,NA,NA,NA,"WY_grassland_wild_Baggs_22_Deployment4_2022"
"495","257","264","271","278","285","292","299","305",NA,NA,NA,NA,NA,NA,"WY_grassland_wild_Baggs_22_Deployment7_2022"
"496","257","264","271","278","285","292","299","305",NA,NA,NA,NA,NA,NA,"WY_grassland_wild_Baggs_22_Deployment8_2022"
